,time,Munkkisaarenlaituri,Mannerheimintie 22-24,Tyynenmerenkatu 8,Sibeliuksen puisto,Mattolaituri,Pakkahuoneenlaituri,Tyynenmerenkatu 14,"Katajanokanlaituri, valopylvas",Paasisaankaynti,Kaivokatu 2,Etelaranta,Toolonlahdenranta 1,Torikadun sisaankaynti,Lutherinkatu 3,Hernesaarenlaituri,Alexanterinkatu 24,Pohjoisespa 41,Narikkatorin sisaankaynti,Alexanterinkatu 20,Katajanokanlaituri 8,Munkkisaarenlaituri,Olympiaranta 1,Katajanokka,Erottajankatu 11,Paalaituri,Year,m,d,Time zone,Cloud amount (1/8),Pressure (msl) (hPa),Relative humidity (%),Precipitation intensity (mm/h),Snow depth (cm),Air temperature (degC),Dew-point temperature (degC),Horizontal visibility (m),Wind direction (deg),Gust speed (m/s),Wind speed (m/s)
0,2019-08-10 00:00:00,3,3,0,8,82,14,0,2,1,14,44,0,4,0,25,4,9,0,0,0,3,0,13,16,2,2019,8,10,UTC,0,1012,95,0,-1,13.2,12.4,20530,9,0.8,0.5
1,2019-08-10 00:30:00,4,0,2,6,54,13,0,2,0,9,49,0,4,0,27,5,4,0,0,0,2,0,9,13,2,2019,8,10,UTC,0,1012.1,96,0,-1,13.1,12.5,19660,338,1.3,0.9
2,2019-08-10 01:00:00,3,0,0,6,3,18,0,3,6,11,54,0,0,0,26,5,5,0,0,0,1,0,8,17,2,2019,8,10,UTC,0,1012,96,0,-1,12.8,12.3,18820,37,1.2,0.7
3,2019-08-10 01:30:00,3,0,4,5,4,18,0,2,6,4,42,0,0,0,25,7,10,0,0,0,2,0,6,14,2,2019,8,10,UTC,0,1012.1,96,0,-1,12.6,12,20310,51,1.6,1
4,2019-08-10 02:00:00,4,0,1,6,2,7,0,3,2,7,41,0,4,0,26,4,13,0,0,0,2,0,9,16,2,2019,8,10,UTC,0,1012.2,97,0,-1,12.7,12.2,13830,37,1.2,0.6
5,2019-08-10 02:30:00,5,0,3,7,1,8,0,3,1,8,39,0,4,0,26,6,3,0,0,0,2,0,10,17,2,2019,8,10,UTC,0,1012.3,97,0,-1,12.5,12.1,14710,43,1.2,0.6
6,2019-08-10 03:00:00,3,0,0,6,0,9,0,2,1,3,34,0,4,0,26,7,2,0,0,0,2,0,7,12,2,2019,8,10,UTC,0,1012.5,97,0,-1,12.6,12.2,17320,12,1.1,0.6
7,2019-08-10 03:30:00,5,0,1,6,0,12,0,3,5,8,43,0,0,3,25,4,3,0,0,0,4,0,8,17,2,2019,8,10,UTC,0,1012.7,97,0,-1,13.1,12.6,27270,132,2.2,1.2
8,2019-08-10 04:00:00,7,0,1,6,0,11,0,5,8,3,61,0,0,3,23,30,4,0,0,0,2,0,12,10,2,2019,8,10,UTC,0,1012.9,94,0,-1,14.2,13.2,27630,89,1.2,0.8
9,2019-08-10 04:30:00,92,3,2,9,0,9,0,2,13,3,58,0,1,3,40,28,4,0,0,0,2,0,60,10,2,2019,8,10,UTC,0,1013.1,83,0,-1,16.9,14,40040,0,0,0
10,2019-08-10 05:00:00,100,0,3,10,2,9,0,4,20,4,67,0,0,2,56,36,3,0,0,0,4,0,52,13,3,2019,8,10,UTC,0,1013,76,0,-1,18.2,13.9,34640,94,1.8,1.2
11,2019-08-10 05:30:00,107,0,1,13,2,6,0,3,29,11,78,0,1,2,51,31,7,0,0,0,2,0,82,16,4,2019,8,10,UTC,0,1013.2,74,0,-1,19.6,14.9,38430,114,2.2,1.5
12,2019-08-10 06:00:00,117,3,3,26,6,9,0,4,43,17,107,0,2,3,71,29,12,0,0,3,2,0,90,18,6,2019,8,10,UTC,0,1013.5,75,0,-1,19.7,15.2,44280,150,3.4,2.2
13,2019-08-10 06:30:00,114,7,3,16,5,23,0,22,43,9,116,0,0,14,57,61,20,0,0,18,3,3,92,23,4,2019,8,10,UTC,1,1013.7,78,0,-1,19.3,15.3,38500,193,3.9,2.4
14,2019-08-10 07:00:00,105,5,5,38,5,23,0,23,57,13,117,0,5,5,38,48,37,0,0,4,4,17,59,13,2,2019,8,10,UTC,0,1013.8,71,0,-1,20.4,15,41950,177,3.9,2.3
15,2019-08-10 07:30:00,74,12,3,29,18,39,0,29,27,19,104,0,46,8,37,64,32,0,0,26,2,29,54,22,12,2019,8,10,UTC,0,1013.7,75,0,-1,19.9,15.3,40150,158,3.9,2.3
16,2019-08-10 08:00:00,74,21,6,19,8,20,0,49,70,31,122,0,3,0,32,61,72,0,0,18,3,13,55,21,13,2019,8,10,UTC,0,1014,68,0,-1,20.3,14.1,35300,172,3.9,2.5
17,2019-08-10 08:30:00,89,11,5,21,19,23,0,44,73,38,119,0,8,11,14,78,59,0,0,0,8,3,50,25,18,2019,8,10,UTC,0,1013.9,61,0,-1,20.9,13,46030,168,4.4,2.6
18,2019-08-10 09:00:00,80,11,6,6,28,31,0,4,107,27,127,0,15,6,19,84,70,0,0,0,4,10,60,26,32,2019,8,10,UTC,0,1013.9,58,0,-1,21,12.4,40320,147,4.4,2.7
19,2019-08-10 09:30:00,88,17,5,16,23,44,0,3,22,33,140,0,82,11,20,58,56,0,0,0,5,4,68,35,39,2019,8,10,UTC,0,1013.9,61,0,-1,21.4,13.6,44880,132,4.7,3.3
20,2019-08-10 10:00:00,87,25,3,26,45,43,0,8,94,29,150,0,12,11,31,72,75,0,0,1,4,11,71,36,37,2019,8,10,UTC,0,1013.8,64,0,-1,21.5,14.3,41160,140,4.3,2.7
21,2019-08-10 10:30:00,74,26,6,14,34,35,0,18,97,32,145,0,10,5,51,72,78,0,0,13,6,15,76,28,39,2019,8,10,UTC,0,1013.7,60,0,-1,21.4,13.4,39680,138,4.8,3.1
22,2019-08-10 11:00:00,91,21,2,9,43,55,0,10,90,19,162,0,8,9,59,74,81,0,0,7,4,7,85,39,35,2019,8,10,UTC,0,1013.9,65,0,-1,21.8,14.9,38570,186,4.9,3.3
23,2019-08-10 11:30:00,104,21,2,16,47,44,0,9,70,32,133,0,16,6,41,83,96,0,0,3,5,12,64,46,29,2019,8,10,UTC,0,1014,66,0,-1,20.9,14.3,33750,165,5.4,3.6
24,2019-08-10 12:00:00,102,18,2,20,58,61,0,13,75,28,160,0,10,3,30,64,127,0,0,0,3,49,56,32,19,2019,8,10,UTC,0,1014.1,62,0,-1,21.2,13.7,49990,183,5.5,3.1
25,2019-08-10 12:30:00,86,11,7,27,59,50,0,11,58,32,129,0,2,16,36,63,101,0,0,7,4,34,19,29,79,2019,8,10,UTC,0,1013.9,66,0,-1,20.1,13.5,43580,199,4.1,3
26,2019-08-10 13:00:00,97,13,17,19,69,60,0,17,48,19,138,0,3,3,36,66,85,0,0,16,4,84,21,32,27,2019,8,10,UTC,0,1013.6,59,0,-1,20.6,12.2,38850,172,3.7,2.4
27,2019-08-10 13:30:00,105,21,18,16,73,62,0,44,32,23,145,0,6,8,46,51,72,0,0,17,3,9,24,32,12,2019,8,10,UTC,1,1013.4,52,0,-1,21.3,11,47970,212,4.1,2.5
28,2019-08-10 14:00:00,103,19,10,17,43,49,0,48,42,25,107,0,4,10,46,60,93,0,0,47,5,7,28,21,34,2019,8,10,UTC,0,1013.3,51,0,-1,21,10.5,49250,205,3.5,1.9
29,2019-08-10 14:30:00,104,14,24,23,58,31,0,28,20,23,141,0,2,2,42,46,97,0,0,3,5,4,17,26,25,2019,8,10,UTC,1,1013.2,58,0,-1,20.5,11.9,43210,191,3.6,2
30,2019-08-10 15:00:00,97,11,6,14,62,27,0,18,10,21,111,0,2,4,33,51,88,0,0,3,3,2,26,28,19,2019,8,10,UTC,0,1013.1,60,0,-1,20.1,12.1,48370,157,3.7,2.3
31,2019-08-10 15:30:00,11,10,6,24,59,45,0,9,6,20,82,0,2,4,12,50,85,0,0,3,4,4,24,29,18,2019,8,10,UTC,1,1013.1,72,0,-1,20.1,14.7,41630,159,4.7,3.7
32,2019-08-10 16:00:00,7,2,1,9,44,29,0,9,5,34,88,0,2,2,15,66,56,0,0,0,2,0,23,34,15,2019,8,10,UTC,1,1012.9,77,0,-1,19.2,15.1,50000,150,4.5,3.2
33,2019-08-10 16:30:00,4,3,0,17,43,32,0,19,5,33,89,0,3,3,18,45,46,0,0,6,3,0,18,32,25,2019,8,10,UTC,,,,,,,,,147,4.8,3.3
34,2019-08-10 17:00:00,3,2,0,10,59,31,0,21,4,32,78,0,3,3,19,39,29,0,0,8,1,0,22,33,20,2019,8,10,UTC,1,1012.8,79,0,-1,18.9,15.2,46970,163,5.1,3.2
35,2019-08-10 17:30:00,10,5,0,10,55,22,0,38,5,23,117,0,1,0,12,54,29,0,0,24,2,0,22,42,10,2019,8,10,UTC,1,1012.8,79,0,-1,19,15.2,40430,166,5,3.3
36,2019-08-10 18:00:00,5,4,3,9,45,33,0,8,5,15,79,0,3,1,11,46,25,0,0,67,2,0,20,43,8,2019,8,10,UTC,3,1012.8,79,0,-1,18.9,15.3,35170,168,5.2,3.2
37,2019-08-10 18:30:00,3,4,4,6,73,31,0,8,6,23,91,0,1,0,24,47,17,0,0,0,1,0,19,42,10,2019,8,10,UTC,1,1012.8,79,0,-1,18.6,14.9,39690,159,3.5,2.3
38,2019-08-10 19:00:00,6,3,4,11,64,23,0,10,5,15,86,0,2,0,20,50,30,0,0,0,2,0,11,40,6,2019,8,10,UTC,1,1012.8,79,0,-1,18.7,15,39420,161,3.9,2.3
39,2019-08-10 19:30:00,1,4,4,8,54,23,0,6,5,14,71,0,2,2,10,27,18,0,0,0,4,0,16,22,4,2019,8,10,UTC,7,1012.8,81,0,-1,18.8,15.4,37870,178,4.8,2.7
40,2019-08-10 20:00:00,1,2,4,7,80,12,0,6,4,8,68,0,2,0,9,16,15,0,0,0,2,0,13,26,9,2019,8,10,UTC,7,1012.7,78,0,-1,18.7,14.8,40470,133,3.5,2.5
41,2019-08-10 20:30:00,3,4,2,10,91,17,0,7,2,11,57,0,4,0,8,12,15,0,0,0,2,0,16,16,13,2019,8,10,UTC,8,1012.5,75,0,-1,18.7,14.2,38160,115,3,2.3
42,2019-08-10 21:00:00,0,4,5,6,115,21,0,2,6,15,68,0,2,0,8,15,18,0,0,0,1,0,8,15,4,2019,8,10,UTC,7,1012.3,79,0,-1,18.5,14.7,32560,120,3,2.2
43,2019-08-10 21:30:00,8,7,4,8,145,18,0,3,5,10,43,0,2,0,9,14,19,0,0,0,3,0,13,20,6,2019,8,10,UTC,7,1012.1,84,0,-1,18.5,15.8,29930,121,2.9,1.8
44,2019-08-10 22:00:00,3,3,4,6,115,19,0,3,4,27,61,0,4,0,11,11,27,0,0,0,1,0,11,20,2,2019,8,10,UTC,7,1012,87,0,-1,18.8,16.6,29650,167,4.2,2.6
45,2019-08-10 22:30:00,3,0,4,4,150,11,0,3,4,6,65,0,4,0,8,10,19,0,0,0,2,0,11,23,6,2019,8,10,UTC,7,1011.8,83,0,-1,19,16.1,40860,186,3.7,1.9
46,2019-08-10 23:00:00,4,1,4,5,134,18,0,2,3,13,57,0,4,0,8,7,50,0,0,0,2,0,12,19,3,2019,8,10,UTC,7,1011.7,82,0,-1,19,15.9,42070,183,4.9,2.4
47,2019-08-10 23:30:00,3,0,3,5,132,7,0,2,6,7,50,0,2,0,11,6,17,0,0,0,2,0,13,20,2,2019,8,10,UTC,8,1011.5,83,0,-1,18.8,15.9,36130,181,5,3
48,2019-08-11 00:00:00,2,1,3,4,129,14,0,2,6,4,48,0,2,0,9,8,18,0,0,0,2,0,12,13,2,2019,8,11,UTC,7,1011.3,86,0,-1,18.6,16.1,28380,175,4.7,2.8
49,2019-08-11 00:30:00,3,0,3,5,101,12,0,2,4,26,48,0,2,0,11,11,13,0,0,0,2,0,10,18,2,2019,8,11,UTC,7,1011.2,85,0,-1,18.2,15.7,32220,163,4.4,3
50,2019-08-11 01:00:00,2,2,1,4,64,10,0,5,4,5,48,0,4,0,10,10,13,0,0,0,1,0,10,13,2,2019,8,11,UTC,3,1011,83,0,-1,18,15,43180,169,5,3.4
51,2019-08-11 01:30:00,3,0,1,4,10,7,0,2,4,11,40,0,4,0,10,9,13,0,0,0,1,0,10,18,2,2019,8,11,UTC,3,1010.7,86,0,-1,17.7,15.3,46310,166,4.1,2.9
52,2019-08-11 02:00:00,3,1,0,4,6,9,0,3,7,7,31,0,1,0,9,13,17,0,0,0,1,0,11,16,2,2019,8,11,UTC,5,1010.5,82,0,-1,18.1,15,43120,158,4.2,2.8
53,2019-08-11 02:30:00,6,0,1,4,8,8,0,2,3,2,33,0,4,0,9,8,8,0,0,0,2,0,10,20,2,2019,8,11,UTC,7,1010.4,84,0,-1,18.1,15.3,37670,148,4.7,2.7
54,2019-08-11 03:00:00,3,0,0,4,5,11,0,3,7,2,34,0,1,2,9,9,7,0,0,0,1,0,9,15,2,2019,8,11,UTC,1,1010.2,83,0,-1,17.9,14.9,42150,128,4.1,2.6
55,2019-08-11 03:30:00,7,4,1,4,3,13,0,2,6,5,35,0,1,1,12,12,6,0,0,0,2,0,9,14,2,2019,8,11,UTC,5,1010,84,0,-1,18.1,15.4,40700,137,5,3.3
56,2019-08-11 04:00:00,3,1,0,5,1,10,0,2,3,4,36,0,4,2,10,5,7,0,0,0,2,0,10,14,2,2019,8,11,UTC,7,1009.8,88,0,-1,18.1,16,22410,146,5.8,3.8
57,2019-08-11 04:30:00,2,2,0,4,2,10,0,2,6,3,35,0,1,4,6,11,8,0,0,0,2,0,9,15,2,2019,8,11,UTC,5,1009.8,86,0,-1,18,15.6,43090,168,8.9,5.3
58,2019-08-11 05:00:00,2,0,0,4,1,11,0,2,6,4,41,0,1,0,7,18,7,0,0,0,2,0,11,16,2,2019,8,11,UTC,5,1009.7,84,0,-1,18.3,15.6,38460,167,8.3,4.5
59,2019-08-11 05:30:00,3,0,13,6,3,17,0,3,4,4,46,0,4,3,10,10,8,0,0,0,3,0,10,14,2,2019,8,11,UTC,7,1009.8,85,0,-1,18.1,15.5,36480,179,8,5
60,2019-08-11 06:00:00,8,0,32,4,3,11,0,9,3,8,58,0,4,0,8,16,4,0,0,2,5,0,13,12,2,2019,8,11,UTC,7,1009.8,84,0,-1,18.1,15.3,42380,195,7.3,4.3
61,2019-08-11 06:30:00,1,2,19,10,4,7,0,42,3,12,76,0,4,2,6,31,16,0,0,14,3,0,19,15,2,2019,8,11,UTC,7,1009.6,77,0,-1,18.2,14.2,50000,181,8.3,4.4
62,2019-08-11 07:00:00,1,0,25,14,8,11,0,26,6,9,89,0,2,3,15,39,15,0,0,4,2,11,12,21,13,2019,8,11,UTC,5,1009.4,78,0,-1,17.6,13.7,26280,166,10.6,6.4
63,2019-08-11 07:30:00,2,0,13,6,4,16,0,30,7,12,69,0,3,13,7,39,14,0,0,28,2,40,23,20,8,2019,8,11,UTC,7,1009.3,79,0.4,-1,17,13.4,21000,148,9.3,5.3
64,2019-08-11 08:00:00,1,16,14,14,6,10,0,41,6,17,78,0,2,8,7,74,67,0,0,7,2,9,11,11,12,2019,8,11,UTC,7,1009.3,86,1,-1,16.5,14.1,24240,136,7.7,4.1
65,2019-08-11 08:30:00,4,10,5,12,7,13,0,5,4,36,116,0,4,42,8,73,48,0,0,1,2,6,23,21,9,2019,8,11,UTC,7,1009.3,81,0,-1,17,13.8,50000,142,6.9,4.3
66,2019-08-11 09:00:00,6,22,3,11,5,12,0,8,6,27,115,0,4,8,6,40,68,0,0,0,2,5,27,26,15,2019,8,11,UTC,8,1008.9,85,0,-1,17,14.5,38650,122,8.1,5.3
67,2019-08-11 09:30:00,6,38,3,15,3,15,0,4,6,24,103,0,3,20,8,40,73,0,0,2,1,5,19,19,13,2019,8,11,UTC,8,1008.9,89,1.1,-1,16.8,14.9,13220,143,9.5,5.5
68,2019-08-11 10:00:00,5,29,14,5,6,17,0,6,5,24,97,0,6,19,6,47,65,0,0,0,2,0,16,21,17,2019,8,11,UTC,8,1008.9,90,0,-1,16.7,15,33800,139,9.3,5.2
69,2019-08-11 10:30:00,2,25,8,5,10,14,0,2,7,27,95,0,3,30,7,60,77,0,0,0,1,5,21,29,2,2019,8,11,UTC,8,1008.8,90,0.8,-1,16.5,14.9,11950,144,9.5,6.2
70,2019-08-11 11:00:00,3,42,6,4,5,15,0,2,7,21,109,0,1,10,4,34,89,0,0,0,3,16,22,23,12,2019,8,11,UTC,8,1008.9,94,0,-1,16.3,15.3,20340,161,12.3,7.6
71,2019-08-11 11:30:00,4,33,9,8,4,11,0,7,6,30,99,0,1,18,4,46,67,0,0,6,4,11,16,23,16,2019,8,11,UTC,7,1008.7,94,0.3,-1,16.5,15.6,16530,154,9.9,6
72,2019-08-11 12:00:00,2,33,14,2,6,12,0,7,6,23,112,0,1,5,6,45,83,0,0,2,1,58,17,19,16,2019,8,11,UTC,7,1008.4,96,10.7,-1,16.5,15.9,2280,144,8.6,4.9
73,2019-08-11 12:30:00,4,27,19,9,4,15,0,5,3,50,117,0,4,6,9,47,73,0,0,6,3,42,16,20,22,2019,8,11,UTC,7,1008.4,95,0,-1,18,17.2,16350,187,8.8,5.1
74,2019-08-11 13:00:00,6,39,10,19,4,15,0,9,6,28,125,0,2,11,10,38,76,0,0,8,0,43,17,28,8,2019,8,11,UTC,5,1008.6,90,0,-1,19.1,17.4,19910,192,8.3,4.8
75,2019-08-11 13:30:00,9,20,44,16,3,14,0,46,4,33,112,0,2,7,8,52,74,0,0,26,2,20,14,23,15,2019,8,11,UTC,5,1008.7,86,0,-1,19.4,17.1,17630,206,7,4.4
76,2019-08-11 14:00:00,6,10,18,2,7,21,0,55,3,22,105,0,4,17,4,40,79,0,0,27,1,2,19,26,8,2019,8,11,UTC,5,1008.8,86,0,-1,19.3,16.9,15360,213,7.3,4
77,2019-08-11 14:30:00,5,10,13,5,6,14,0,45,2,28,97,0,4,19,6,41,66,0,0,4,2,4,21,29,6,2019,8,11,UTC,3,1008.6,85,0,-1,19.1,16.5,15540,199,6.8,4.4
78,2019-08-11 15:00:00,5,19,8,7,7,13,0,37,2,24,98,0,4,8,5,46,60,0,0,23,2,2,20,31,7,2019,8,11,UTC,7,1008.6,85,0,-1,19.2,16.5,17990,198,6.5,3.9
79,2019-08-11 15:30:00,10,4,4,5,4,14,0,66,5,34,90,0,1,6,5,51,22,0,0,12,3,2,21,33,13,2019,8,11,UTC,3,1008.7,85,0,-1,18.9,16.4,16760,199,6.3,3.5
80,2019-08-11 16:00:00,8,6,3,11,14,13,0,28,4,27,109,0,2,7,6,51,15,0,0,0,2,0,18,31,14,2019,8,11,UTC,7,1008.6,84,0,-1,19.1,16.4,18430,198,6.4,3.8
81,2019-08-11 16:30:00,6,5,3,10,0,14,0,3,6,23,105,0,0,14,10,30,19,0,0,0,2,0,13,37,2,2019,8,11,UTC,7,1008.8,86,0,-1,18.9,16.5,19270,193,5.5,3.2
82,2019-08-11 17:00:00,5,6,3,10,2,18,0,4,2,14,72,0,4,16,6,22,16,0,0,0,2,0,16,25,7,2019,8,11,UTC,7,1009,87,0,-1,18.7,16.5,18060,191,7.9,3.7
83,2019-08-11 17:30:00,1,6,2,5,0,11,0,6,1,30,79,0,4,7,6,26,20,0,0,0,2,0,9,22,2,2019,8,11,UTC,7,1009,87,0,-1,18.6,16.4,20160,214,7.9,4.4
84,2019-08-11 18:00:00,1,4,2,4,0,7,0,4,3,15,84,0,2,23,6,25,17,0,0,0,2,0,8,22,4,2019,8,11,UTC,7,1009.2,88,0,-1,18.6,16.5,20460,218,8,4.8
85,2019-08-11 18:30:00,2,4,3,11,1,9,0,3,6,20,107,0,2,8,7,23,8,0,0,0,1,0,7,22,3,2019,8,11,UTC,8,1009.2,89,0,-1,18.5,16.6,17880,209,6.5,4.2
86,2019-08-11 19:00:00,9,2,4,4,0,8,0,3,6,17,87,0,2,23,4,16,8,0,0,0,2,0,8,16,2,2019,8,11,UTC,7,1009.3,89,0,-1,18.3,16.4,18020,210,8.4,4.5
87,2019-08-11 19:30:00,0,3,2,4,3,5,0,21,5,14,51,0,1,1,2,11,6,0,0,0,2,0,4,15,2,2019,8,11,UTC,7,1009.5,88,0,-1,18.3,16.3,17850,212,6,3.8
88,2019-08-11 20:00:00,2,2,4,4,0,9,0,3,1,20,61,0,4,0,4,7,5,0,0,0,2,0,6,18,2,2019,8,11,UTC,7,1009.6,89,0,-1,18.2,16.3,16080,208,6.6,3.5
89,2019-08-11 20:30:00,1,0,4,4,0,9,0,2,4,11,54,0,2,0,2,6,5,0,0,0,1,0,10,13,4,2019,8,11,UTC,7,1009.6,88,0,-1,18.2,16.2,18840,211,6.4,3.6
90,2019-08-11 21:00:00,1,0,2,4,0,6,0,2,2,17,59,0,3,0,2,7,4,0,0,0,2,0,4,15,2,2019,8,11,UTC,3,1009.7,90,0,-1,18,16.3,18390,207,8.1,4.4
91,2019-08-11 21:30:00,3,0,2,4,0,5,0,3,3,10,51,0,4,0,5,6,6,0,0,2,2,0,2,12,2,2019,8,11,UTC,1,1009.7,93,0,-1,17.8,16.7,15730,197,6.6,3.6
92,2019-08-11 22:00:00,1,0,4,4,0,8,0,3,5,16,60,0,1,0,3,6,6,0,0,0,2,0,3,14,2,2019,8,11,UTC,1,1009.8,92,0,-1,17.8,16.6,14960,209,7.2,4.3
93,2019-08-11 22:30:00,3,0,4,4,0,8,0,2,4,13,56,0,3,0,3,10,6,0,0,0,2,0,5,14,2,2019,8,11,UTC,7,1009.9,91,0,-1,18.2,16.6,16250,212,7.4,4.4
94,2019-08-11 23:00:00,3,0,3,4,0,5,0,2,5,13,50,0,2,0,2,6,3,0,0,0,2,0,3,11,2,2019,8,11,UTC,7,1010,91,0,-1,18.1,16.6,15500,210,9,5.4
95,2019-08-11 23:30:00,4,0,4,4,0,6,0,2,0,0,19,0,4,0,2,2,6,0,0,0,2,0,0,0,2,2019,8,11,UTC,7,1010.1,91,0,-1,18,16.5,15540,211,7.4,4.1
96,2019-08-12 00:00:00,4,0,2,1,0,3,0,3,4,10,41,0,3,0,2,5,7,0,0,0,2,0,6,15,2,2019,8,12,UTC,7,1010.2,91,0,-1,18.1,16.6,15550,216,8,5.3
97,2019-08-12 00:30:00,1,0,1,1,0,4,0,2,3,9,41,0,4,0,2,7,4,0,0,0,2,0,5,13,2,2019,8,12,UTC,7,1010,90,0,-1,18.1,16.5,14590,221,7.5,4.3
98,2019-08-12 01:00:00,2,0,0,4,0,8,0,2,4,5,46,0,4,0,2,5,4,0,0,0,2,0,4,10,2,2019,8,12,UTC,7,1010.1,91,0,-1,18,16.5,14370,226,7.6,4
99,2019-08-12 01:30:00,4,0,0,2,0,5,0,2,5,4,44,0,2,0,2,7,5,0,0,0,2,0,5,9,2,2019,8,12,UTC,7,1010.1,90,0,-1,18,16.3,14570,220,7.8,4.8
100,2019-08-12 02:00:00,2,0,0,3,0,6,0,2,3,4,39,0,4,0,3,7,5,0,0,0,1,0,5,15,2,2019,8,12,UTC,5,1010.1,90,0,-1,17.9,16.2,14350,220,7.9,4.9
101,2019-08-12 02:30:00,3,0,0,4,0,4,0,3,2,5,50,0,4,0,2,7,5,0,0,0,2,0,5,15,2,2019,8,12,UTC,7,1010,91,0,-1,17.9,16.4,13840,221,6.7,3.9
102,2019-08-12 03:00:00,3,0,0,2,0,4,0,2,3,5,46,0,4,1,14,7,8,0,0,0,2,1,6,11,3,2019,8,12,UTC,7,1010,91,0,-1,18,16.6,14370,221,5.4,3.4
103,2019-08-12 03:30:00,4,3,0,4,0,7,0,3,3,5,55,0,3,2,19,10,7,0,0,0,4,0,11,14,4,2019,8,12,UTC,3,1010.2,89,0,-1,18.1,16.3,17160,230,5.4,3
104,2019-08-12 04:00:00,8,3,3,3,0,5,0,2,7,5,65,0,2,2,146,22,9,0,0,0,1,0,12,16,2,2019,8,12,UTC,7,1010.4,89,0,-1,18.3,16.5,21210,249,7.1,4.2
105,2019-08-12 04:30:00,80,2,2,3,0,8,0,2,10,13,62,0,2,2,148,14,13,0,0,0,2,5,11,17,2,2019,8,12,UTC,5,1010.5,87,0,-1,18.2,15.9,30430,247,6,2.8
106,2019-08-12 05:00:00,91,7,11,6,0,6,0,8,7,19,69,0,13,2,167,21,14,0,0,0,3,3,11,21,4,2019,8,12,UTC,7,1010.5,86,0,-1,18.5,16.1,33890,235,4.8,2.5
107,2019-08-12 05:30:00,93,9,14,7,0,25,0,5,24,21,74,0,1,2,156,29,26,0,0,0,10,2,20,24,4,2019,8,12,UTC,7,1010.7,85,0,-1,18.7,16.1,28970,235,5.1,3.2
108,2019-08-12 06:00:00,79,13,16,19,0,21,0,6,24,24,103,0,11,4,154,37,24,0,0,0,6,1,17,45,3,2019,8,12,UTC,7,1010.9,81,0,-1,18.9,15.6,32480,228,4.8,3
109,2019-08-12 06:30:00,66,12,16,24,0,16,0,24,5,22,106,0,28,29,142,74,40,0,0,24,4,0,24,41,2,2019,8,12,UTC,7,1010.9,86,0,-1,18.9,16.5,20570,219,6.2,3.8
110,2019-08-12 07:00:00,51,7,15,37,0,0,0,41,9,0,104,0,36,18,128,78,51,0,0,20,7,0,22,39,14,2019,8,12,UTC,7,1011,85,0,-1,18.9,16.4,17970,217,9.6,6
111,2019-08-12 07:30:00,59,19,14,25,0,0,0,40,13,0,130,0,50,0,108,89,52,0,0,17,5,0,54,38,4,2019,8,12,UTC,5,1011.4,83,0,-1,19,16,22000,217,10.4,7.1
112,2019-08-12 08:00:00,50,17,21,18,0,0,0,8,29,0,125,0,38,19,96,75,52,0,0,0,7,0,24,38,21,2019,8,12,UTC,3,1011.4,85,0,-1,19.4,16.8,20180,217,9,6.3
113,2019-08-12 08:30:00,50,33,24,19,0,0,0,2,38,0,133,0,36,28,127,62,97,0,0,1,8,0,33,37,13,2019,8,12,UTC,5,1011.4,83,0,-1,19.2,16.3,19520,221,9.4,5.8
114,2019-08-12 09:00:00,61,43,22,22,0,0,0,6,69,0,0,0,22,24,122,81,80,0,0,13,5,0,31,50,30,2019,8,12,UTC,3,1011.5,80,0,-1,19.8,16.2,18480,209,8.2,5.5
115,2019-08-12 09:30:00,60,47,19,18,0,0,0,4,43,0,0,0,42,20,122,72,75,0,0,1,10,0,36,55,18,2019,8,12,UTC,7,1011.5,82,0,-1,19.1,16,22760,220,10.2,5.5
116,2019-08-12 10:00:00,55,29,23,5,0,0,0,13,49,0,0,0,33,13,143,72,82,0,0,0,7,0,24,55,19,2019,8,12,UTC,7,1011.2,84,0,-1,19.2,16.4,20290,193,7.1,3.9
117,2019-08-12 10:30:00,0,32,20,9,0,0,0,11,19,0,0,0,62,11,127,70,78,0,0,2,6,0,26,38,28,2019,8,12,UTC,5,1011.2,79,0,-1,20.3,16.4,21580,204,8,5
118,2019-08-12 11:00:00,0,18,15,7,0,0,0,9,13,0,0,0,42,8,141,0,83,0,0,13,5,0,22,34,26,2019,8,12,UTC,1,1011.2,77,0,-1,20.4,16.3,21920,223,10,6.3
119,2019-08-12 11:30:00,0,29,32,4,0,0,0,8,36,0,0,0,20,5,159,0,62,0,0,4,6,0,24,45,21,2019,8,12,UTC,3,1011.2,78,0,-1,20.1,16.1,21670,220,10.6,7.3
120,2019-08-12 12:00:00,0,32,15,11,0,0,0,10,64,0,0,0,7,9,149,0,88,0,0,6,6,0,22,39,24,2019,8,12,UTC,3,1011.1,81,0,-1,19.9,16.6,22060,216,10.2,6.8
121,2019-08-12 12:30:00,0,35,25,8,0,0,0,10,50,0,0,0,0,13,33,0,58,0,0,12,4,0,19,29,24,2019,8,12,UTC,5,1011.1,82,0,-1,19.8,16.6,20420,219,10.1,6.4
122,2019-08-12 13:00:00,0,22,26,8,0,0,0,26,39,0,0,0,34,11,19,0,65,0,0,17,8,0,29,34,21,2019,8,12,UTC,7,1010.8,78,0,-1,19.8,15.9,22540,227,8.5,4.8
123,2019-08-12 13:30:00,0,39,15,0,0,0,0,34,42,0,0,0,2,10,15,0,51,0,0,14,4,0,39,34,17,2019,8,12,UTC,7,1010.8,77,0,-1,19.8,15.6,20130,216,10.1,5.4
124,2019-08-12 14:00:00,0,29,5,0,0,0,0,6,9,0,0,0,35,7,24,0,86,0,0,3,4,0,20,50,16,2019,8,12,UTC,1,1010.6,78,0,-1,19.7,15.8,23540,234,9.4,5
125,2019-08-12 14:30:00,0,36,6,0,0,0,0,6,9,0,0,0,42,6,24,0,81,0,0,2,3,0,18,41,14,2019,8,12,UTC,1,1010.6,74,0,-1,19.5,14.7,22940,218,11.5,7.6
126,2019-08-12 15:00:00,0,26,7,0,0,0,0,7,13,0,0,0,27,5,10,0,48,0,0,1,4,0,37,35,21,2019,8,12,UTC,5,1010.7,75,0,-1,19.1,14.6,25860,221,11,6.3
127,2019-08-12 15:30:00,0,25,7,0,0,0,0,8,16,0,0,0,6,0,13,0,80,0,0,0,4,0,24,35,13,2019,8,12,UTC,5,1010.6,80,0,-1,18.4,14.8,32600,212,11.9,8.2
128,2019-08-12 16:00:00,0,33,9,0,0,0,0,11,9,0,0,0,0,2,10,0,51,0,0,1,1,0,23,43,7,2019,8,12,UTC,7,1010.2,82,0,-1,18.2,15.1,29810,219,10.4,5.4
129,2019-08-12 16:30:00,6,7,5,6,6,17,0,16,4,12,83,0,6,0,7,52,60,0,0,15,6,1,19,32,12,2019,8,12,UTC,5,1010.1,80,0,-1,18,14.4,31710,217,10.7,6.4
130,2019-08-12 17:00:00,9,2,5,5,5,15,0,25,4,8,71,0,2,2,5,60,44,0,0,10,4,0,14,31,6,2019,8,12,UTC,7,1010.2,78,0,-1,17.8,13.9,31340,220,9.8,5.2
131,2019-08-12 17:30:00,7,1,8,5,10,14,0,19,5,32,126,0,2,0,9,63,32,0,0,13,4,1,16,28,4,2019,8,12,UTC,7,1010.1,83,0,-1,17.5,14.5,39230,222,8,4.7
132,2019-08-12 18:00:00,9,1,11,8,2,17,0,5,5,23,83,0,1,0,6,56,0,0,0,0,6,0,17,25,7,2019,8,12,UTC,7,1010,83,0,-1,17.3,14.4,37330,222,8.3,4.6
133,2019-08-12 18:30:00,8,3,8,5,4,14,0,7,3,17,78,0,4,2,7,35,0,0,0,0,4,0,6,26,6,2019,8,12,UTC,5,1010,85,0,-1,17.2,14.7,31490,225,6.8,4.1
134,2019-08-12 19:00:00,7,1,4,5,1,18,0,4,5,11,63,0,3,0,9,28,0,0,0,0,4,1,8,21,2,2019,8,12,UTC,7,1009.9,84,0,-1,17.1,14.4,40250,217,7.7,4.9
135,2019-08-12 19:30:00,3,1,5,5,0,17,0,2,6,4,53,0,0,0,3,23,0,0,0,0,3,1,8,24,2,2019,8,12,UTC,1,1009.8,85,0,-1,16.8,14.3,36810,227,6.7,4
136,2019-08-12 20:00:00,8,0,3,7,0,10,0,3,2,8,57,0,4,0,6,7,0,0,0,0,3,2,6,11,2,2019,8,12,UTC,5,1009.9,85,0,-1,16.9,14.3,30900,226,7.4,3.5
137,2019-08-12 20:30:00,10,2,3,4,0,10,0,4,2,2,56,0,4,0,6,13,0,0,0,0,2,2,5,15,2,2019,8,12,UTC,5,1009.8,86,0,-1,16.9,14.5,30610,219,5.9,3.5
138,2019-08-12 21:00:00,5,0,6,4,0,7,0,3,4,6,54,0,2,0,6,18,0,0,0,0,2,0,6,8,2,2019,8,12,UTC,5,1009.6,88,0,-1,16.7,14.6,30420,232,5.5,3.4
139,2019-08-12 21:30:00,5,0,6,3,4,10,0,2,4,9,65,0,2,0,10,10,0,0,0,0,2,0,6,11,2,2019,8,12,UTC,3,1009.6,86,0,-1,16.8,14.5,29270,242,5.2,2.9
140,2019-08-12 22:00:00,5,2,6,5,1,9,0,7,6,8,58,0,1,0,10,11,0,0,0,0,2,0,3,11,2,2019,8,12,UTC,1,1009.7,87,0,-1,16.8,14.6,32000,245,6.8,3.9
141,2019-08-12 22:30:00,8,0,4,5,0,8,0,2,5,5,55,0,1,0,7,6,0,0,0,0,2,0,5,113,2,2019,8,12,UTC,0,1009.7,86,0,-1,16.8,14.4,28220,238,4.5,2.4
142,2019-08-12 23:00:00,6,0,4,7,0,9,0,2,5,4,63,0,0,0,13,6,0,0,0,0,2,0,7,12,2,2019,8,12,UTC,5,1009.6,89,0,-1,16.9,15.1,27680,221,5.5,3.1
143,2019-08-12 23:30:00,7,0,5,8,0,7,0,2,3,6,54,0,3,0,9,7,0,0,0,0,2,0,7,6,2,2019,8,12,UTC,7,1009.6,89,0,-1,17,15.1,25620,213,5.9,3.2
144,2019-08-13 00:00:00,7,0,5,5,0,8,0,2,2,3,55,0,4,0,10,6,0,0,0,0,2,0,6,11,2,2019,8,13,UTC,7,1009.4,90,0,-1,16.8,15.2,22790,210,5.8,3.3
145,2019-08-13 00:30:00,5,0,3,5,0,10,0,3,6,5,65,0,0,0,8,6,0,0,0,0,2,0,4,11,2,2019,8,13,UTC,7,1009.1,89,0,-1,16.8,15,24130,209,5.5,3.5
146,2019-08-13 01:00:00,7,0,4,5,0,7,0,4,6,2,55,0,0,0,11,7,0,0,0,0,2,0,4,11,2,2019,8,13,UTC,7,1008.9,88,0,-1,16.9,14.9,26960,212,5.2,3.4
147,2019-08-13 01:30:00,6,0,4,5,0,9,0,2,3,3,60,0,4,0,9,8,0,0,0,0,2,0,4,8,2,2019,8,13,UTC,5,1008.9,90,0,-1,16.6,15,23200,208,5.7,3.8
148,2019-08-13 02:00:00,6,0,5,4,0,7,0,2,2,3,47,0,4,0,6,7,0,0,0,0,2,0,4,11,2,2019,8,13,UTC,5,1008.5,90,0,-1,16.5,14.8,21670,208,5.9,3.9
149,2019-08-13 02:30:00,6,0,6,5,0,7,0,2,2,5,51,0,4,0,10,8,0,0,0,0,2,0,5,12,2,2019,8,13,UTC,7,1008.3,90,0,-1,16.6,15,21420,209,4.9,3
150,2019-08-13 03:00:00,5,0,6,7,0,6,0,2,7,4,57,0,1,0,9,9,0,0,0,0,2,0,5,12,2,2019,8,13,UTC,8,1008.3,90,0,-1,16.6,15,23530,206,6.1,4.3
151,2019-08-13 03:30:00,9,1,7,4,0,9,0,2,7,11,54,0,0,0,8,21,0,0,0,0,3,0,8,14,3,2019,8,13,UTC,7,1008.4,89,0,-1,16.6,14.8,22620,206,6.8,4.3
152,2019-08-13 04:00:00,3,0,5,7,0,7,0,4,5,3,63,0,0,0,9,18,0,0,0,0,2,0,11,14,2,2019,8,13,UTC,7,1008.4,88,0,-1,16.6,14.6,24810,207,5.9,3.2
153,2019-08-13 04:30:00,10,0,11,5,0,14,0,2,10,14,60,0,1,0,11,17,0,0,0,0,1,2,14,15,2,2019,8,13,UTC,7,1008.2,86,0,-1,17,14.6,26400,202,8,5
154,2019-08-13 05:00:00,18,2,10,6,1,11,0,7,22,8,66,0,1,0,23,26,0,0,0,0,2,2,14,15,4,2019,8,13,UTC,8,1008.4,88,0,-1,16.9,14.9,20140,221,6.6,4.3
155,2019-08-13 05:30:00,159,18,16,9,1,24,0,48,29,19,93,0,3,0,25,35,0,0,0,0,7,3,16,39,4,2019,8,13,UTC,7,1008.4,87,0,-1,16.7,14.6,22910,214,7.3,4.7
156,2019-08-13 06:00:00,133,18,10,4,4,23,0,55,42,29,79,0,5,0,23,61,0,0,0,0,4,1,39,38,3,2019,8,13,UTC,8,1008.3,88,0,-1,16.7,14.7,22620,225,6.3,4.4
157,2019-08-13 06:30:00,146,27,16,13,3,18,0,75,48,22,101,0,2,23,26,42,0,0,0,28,4,4,72,35,3,2019,8,13,UTC,7,1008.3,88,0,-1,17.1,15.1,19540,217,5.8,3.6
158,2019-08-13 07:00:00,152,20,18,15,8,25,0,56,45,22,114,0,5,12,25,54,0,0,0,9,2,16,41,29,32,2019,8,13,UTC,7,1008.3,86,0,-1,17.4,15.1,23410,214,6.5,3.8
159,2019-08-13 07:30:00,123,9,13,21,0,46,0,49,9,14,111,0,57,13,24,67,0,0,0,13,3,33,57,36,10,2019,8,13,UTC,7,1008.3,85,0,-1,17.9,15.4,21880,222,6.3,4.2
160,2019-08-13 08:00:00,124,18,21,23,3,20,0,37,53,35,102,0,2,0,23,110,0,0,0,2,5,7,61,30,33,2019,8,13,UTC,7,1008.1,80,0,-1,18.3,14.8,20080,223,7.8,4.9
161,2019-08-13 08:30:00,132,38,18,15,0,24,0,33,9,30,107,0,62,0,34,91,0,0,0,6,7,6,57,53,37,2019,8,13,UTC,5,1007.8,78,0,-1,18.9,14.9,24420,217,7.1,4.2
162,2019-08-13 09:00:00,125,33,14,40,0,23,0,33,41,33,98,0,59,6,22,71,0,0,0,5,4,7,53,59,40,2019,8,13,UTC,5,1007.7,80,0,-1,19.5,16.1,24250,218,7.4,3.8
163,2019-08-13 09:30:00,124,42,16,24,15,23,0,31,27,20,126,0,51,10,19,82,0,0,0,0,6,2,35,37,25,2019,8,13,UTC,7,1007.6,82,0,-1,18.5,15.4,26010,211,6.9,3.7
164,2019-08-13 10:00:00,129,24,19,16,2,25,0,44,66,32,133,0,24,3,23,71,0,0,0,0,4,9,53,43,14,2019,8,13,UTC,7,1007.4,81,0,-1,18.8,15.6,26250,205,7.4,4.7
165,2019-08-13 10:30:00,138,26,21,21,2,22,0,30,58,24,165,0,17,3,17,63,0,0,0,22,4,12,62,38,5,2019,8,13,UTC,5,1007.3,80,0,-1,19.2,15.7,23460,198,7.2,4.4
166,2019-08-13 11:00:00,151,42,19,18,9,28,0,31,44,36,147,0,5,19,23,83,0,0,0,0,7,28,59,39,29,2019,8,13,UTC,7,1007.3,76,0,-1,19.4,15.1,23130,200,8.5,5.7
167,2019-08-13 11:30:00,116,24,20,24,6,30,0,41,15,31,124,0,49,7,24,75,0,0,0,1,5,29,49,36,0,2019,8,13,UTC,7,1007.4,76,0,-1,19.3,15,23370,217,9.7,6.3
168,2019-08-13 12:00:00,159,19,18,35,4,38,0,57,43,20,129,0,15,16,23,91,0,0,0,0,4,59,54,0,0,2019,8,13,UTC,1,1007.4,72,0,-1,19.6,14.5,27190,206,9.1,6.4
169,2019-08-13 12:30:00,150,23,16,17,13,47,0,52,15,19,110,0,45,19,23,75,0,0,0,5,8,44,31,0,0,2019,8,13,UTC,1,1007.3,77,0,-1,19.2,15,23860,218,9.3,6
170,2019-08-13 13:00:00,217,30,13,26,12,27,0,68,40,21,115,0,7,9,27,63,0,0,0,2,6,103,29,0,0,2019,8,13,UTC,1,1007.1,72,0,-1,19.9,14.8,31110,216,8.6,5.2
171,2019-08-13 13:30:00,207,52,13,38,4,27,0,83,39,29,106,0,5,10,32,61,0,0,0,7,7,12,27,0,0,2019,8,13,UTC,0,1006.9,72,0,-1,20.2,14.9,35670,218,10,6.2
172,2019-08-13 14:00:00,161,36,13,29,9,26,0,73,8,27,106,0,39,9,41,48,0,0,0,5,3,3,29,0,0,2019,8,13,UTC,1,1006.8,78,0,-1,19.4,15.5,25450,207,7.6,5.1
173,2019-08-13 14:30:00,12,29,12,24,11,34,0,39,13,51,103,0,40,15,9,69,0,0,0,6,0,2,42,0,0,2019,8,13,UTC,0,1006.8,79,0,-1,19.7,15.9,24560,222,8.9,5.9
174,2019-08-13 15:00:00,9,25,11,22,15,33,0,5,5,26,124,0,22,3,13,51,0,0,0,0,0,2,29,0,0,2019,8,13,UTC,0,1006.8,81,0,-1,19.6,16.2,26820,195,8,4.4
175,2019-08-13 15:30:00,10,17,11,21,18,35,0,5,16,33,90,0,5,0,8,57,0,0,0,0,1,0,21,0,0,2019,8,13,UTC,0,1006.9,81,0,-1,19,15.7,30920,206,9.6,6.6
176,2019-08-13 16:00:00,10,20,11,18,20,41,0,11,12,10,99,0,0,0,16,61,0,0,0,3,2,0,18,0,0,2019,8,13,UTC,5,1006.8,77,0,-1,19.4,15.2,40280,217,9,5.9
177,2019-08-13 16:30:00,11,20,4,15,24,30,0,12,4,17,106,0,2,2,8,38,0,0,0,15,1,2,27,0,0,2019,8,13,UTC,0,1006.8,75,0,-1,19.1,14.6,35360,216,7.9,5.1
178,2019-08-13 17:00:00,9,24,9,13,22,41,0,10,3,16,92,0,3,2,15,52,0,0,0,9,2,0,31,0,0,2019,8,13,UTC,0,1006.9,71,0,-1,18.9,13.6,39250,223,7.6,4.6
179,2019-08-13 17:30:00,12,22,10,13,23,27,0,3,4,11,109,0,1,0,10,38,0,0,0,20,1,0,22,0,0,2019,8,13,UTC,0,1006.9,72,0,-1,18.5,13.3,35270,227,8.2,4
180,2019-08-13 18:00:00,14,11,6,6,10,28,0,3,4,12,85,0,1,0,4,55,0,0,0,0,2,0,20,0,0,2019,8,13,UTC,0,1006.9,77,0,-1,18.1,14,32430,228,7.6,4.7
181,2019-08-13 18:30:00,14,22,0,6,8,40,0,4,2,15,93,0,2,0,9,25,0,0,0,0,3,1,19,0,0,2019,8,13,UTC,0,1006.8,78,0,-1,17.7,13.9,26960,244,8.7,4.9
182,2019-08-13 19:00:00,13,15,0,5,7,35,0,2,1,20,90,0,4,0,6,29,0,0,0,0,4,0,14,0,0,2019,8,13,UTC,0,1006.8,79,0,-1,17.5,13.9,31830,246,6.3,4
183,2019-08-13 19:30:00,12,22,0,4,3,22,0,4,3,10,68,0,1,0,4,22,0,0,0,0,3,0,23,0,0,2019,8,13,UTC,0,1006.7,81,0,-1,17.3,14.1,29130,237,6.7,3.6
184,2019-08-13 20:00:00,16,14,0,6,4,23,0,2,5,15,54,0,0,0,7,14,0,0,0,0,3,0,15,0,0,2019,8,13,UTC,0,1007,81,0,-1,17.2,14,27120,245,5.8,3.5
185,2019-08-13 20:30:00,10,8,0,7,2,31,0,3,4,10,55,0,0,0,9,12,0,0,0,0,4,0,14,0,0,2019,8,13,UTC,0,1007.2,82,0,-1,17.2,14.1,44470,244,5.3,3.3
186,2019-08-13 21:00:00,32,10,0,5,2,21,0,3,4,10,53,0,1,0,5,9,0,0,0,0,4,0,16,0,0,2019,8,13,UTC,0,1007.4,83,0,-1,17.2,14.3,39700,235,6.5,3.7
187,2019-08-13 21:30:00,7,8,0,4,2,14,0,2,0,10,55,0,4,0,5,13,0,0,0,0,4,0,15,0,0,2019,8,13,UTC,0,1007.4,81,0,-1,17.2,13.9,35420,243,6.2,3.7
188,2019-08-13 22:00:00,14,3,0,5,2,15,0,2,3,0,47,0,1,0,5,10,0,0,0,0,2,0,14,0,0,2019,8,13,UTC,1,1007.2,80,0,-1,17.1,13.7,33180,244,8.2,4.4
189,2019-08-13 22:30:00,13,0,0,4,1,67,0,2,4,0,41,0,0,0,5,8,0,0,0,0,2,0,12,0,0,2019,8,13,UTC,1,1007.1,82,0,-1,17.2,14.1,24780,242,5.7,3.2
190,2019-08-13 23:00:00,12,0,0,5,2,12,0,3,4,2,44,0,0,0,7,12,0,0,0,0,2,0,18,0,0,2019,8,13,UTC,1,1007.1,81,0,-1,17.2,13.9,28400,228,6.5,3.7
191,2019-08-13 23:30:00,13,0,0,4,1,11,0,3,2,2,44,0,2,0,5,11,0,0,0,0,2,0,14,0,0,2019,8,13,UTC,1,1006.9,83,0,-1,17.3,14.4,29920,224,6.3,3.3
192,2019-08-14 00:00:00,12,0,0,5,2,11,0,2,1,2,45,0,4,0,5,9,0,0,0,0,2,0,14,0,0,2019,8,14,UTC,3,1006.8,84,0,-1,17.3,14.6,28500,227,7.3,3.9
193,2019-08-14 00:30:00,13,0,0,6,2,15,0,2,3,4,44,0,2,0,4,14,0,0,0,0,2,0,15,0,0,2019,8,14,UTC,3,1006.6,87,0,-1,16.9,14.8,24680,204,6.2,4.1
194,2019-08-14 01:00:00,14,0,0,6,2,8,0,2,3,0,41,0,1,0,6,11,0,0,0,0,2,0,11,0,0,2019,8,14,UTC,5,1006.5,88,0,-1,16.8,14.8,25560,206,9,5.2
195,2019-08-14 01:30:00,11,0,0,5,2,13,0,2,5,1,47,0,0,0,6,9,0,0,0,0,2,0,14,0,0,2019,8,14,UTC,7,1006.4,89,0,-1,16.7,14.8,25610,207,7.4,5.1
196,2019-08-14 02:00:00,12,0,0,4,2,12,0,2,1,0,50,0,3,0,5,14,0,0,0,0,2,0,11,0,0,2019,8,14,UTC,7,1006.2,92,1.3,-1,16.5,15.2,17920,211,7.9,4
197,2019-08-14 02:30:00,12,0,0,6,2,13,0,2,0,1,45,0,4,0,5,9,0,0,0,0,2,0,13,0,0,2019,8,14,UTC,7,1006.2,89,0,-1,16.3,14.5,24890,205,6.9,4.2
198,2019-08-14 03:00:00,15,0,0,4,2,9,0,2,1,2,46,0,4,0,4,10,0,0,0,0,2,0,14,0,0,2019,8,14,UTC,7,1006.2,87,0,-1,16.2,14,42870,218,7.1,4.7
199,2019-08-14 03:30:00,12,2,0,6,1,13,0,2,7,2,44,0,0,0,6,11,0,0,0,0,1,0,13,0,0,2019,8,14,UTC,3,1006.3,88,0,-1,16.5,14.6,22570,215,8.5,4.5
200,2019-08-14 04:00:00,13,1,0,4,6,12,0,6,6,4,53,0,1,0,7,21,0,0,0,0,3,0,21,0,0,2019,8,14,UTC,7,1006.2,87,0,-1,16.8,14.7,35060,214,7.1,4
201,2019-08-14 04:30:00,13,0,0,4,2,15,0,5,4,8,71,0,7,0,8,20,0,0,0,0,0,2,15,0,0,2019,8,14,UTC,5,1006.2,85,0,-1,16.9,14.4,39760,209,9.5,5.7
202,2019-08-14 05:00:00,13,10,0,6,4,16,0,5,17,32,62,0,3,0,6,19,0,0,0,0,1,2,59,0,0,2019,8,14,UTC,5,1006,86,0,-1,16.9,14.6,37890,213,9.2,5
203,2019-08-14 05:30:00,8,21,0,5,5,19,0,3,4,19,69,0,24,0,7,22,0,0,0,0,2,2,47,0,0,2019,8,14,UTC,7,1006.1,84,0,-1,17.3,14.7,33510,204,9.3,5.9
204,2019-08-14 06:00:00,11,27,0,4,4,17,0,5,5,9,83,0,29,0,10,30,0,0,0,0,0,2,64,0,0,2019,8,14,UTC,7,1006.5,81,0,-1,16.7,13.5,31070,227,11.1,6.7
205,2019-08-14 06:30:00,13,9,0,20,5,19,0,45,15,22,96,0,21,22,12,68,0,0,0,17,2,12,45,0,0,2019,8,14,UTC,7,1006.1,74,0,-1,17,12.2,50000,246,6.5,3.2
206,2019-08-14 07:00:00,53,18,0,9,2,18,0,26,4,10,91,0,41,11,78,29,0,0,0,22,2,7,75,0,0,2019,8,14,UTC,5,1006.1,68,0,-1,17.8,11.8,42880,247,6.9,3.8
207,2019-08-14 07:30:00,198,10,0,14,2,17,0,32,38,17,93,0,4,6,130,62,0,0,0,13,16,42,42,0,0,2019,8,14,UTC,3,1006.5,67,0,-1,17.5,11.2,48150,234,7.5,4.2
208,2019-08-14 08:00:00,232,33,0,12,2,17,0,5,29,20,118,0,42,6,148,66,0,0,0,4,16,6,46,0,0,2019,8,14,UTC,1,1006.7,69,0,-1,17.7,11.8,49270,234,8.9,6.1
209,2019-08-14 08:30:00,171,25,0,12,5,26,0,9,69,23,108,0,11,8,114,69,0,0,0,1,16,10,58,0,0,2019,8,14,UTC,1,1006.9,67,0,-1,18.3,12.1,48320,233,8.4,5.7
210,2019-08-14 09:00:00,259,31,0,24,3,34,0,14,59,18,147,0,25,15,81,86,0,0,0,2,18,7,67,0,0,2019,8,14,UTC,3,1007,70,0,-1,18.6,13,41470,237,10,6.3
211,2019-08-14 09:30:00,245,42,0,6,4,35,0,2,96,24,143,0,19,19,105,61,0,0,0,0,13,5,43,0,0,2019,8,14,UTC,5,1007.2,71,0,-1,18.6,13.3,46280,227,9.2,5.3
212,2019-08-14 10:00:00,260,36,0,19,7,24,0,7,9,31,140,0,77,15,89,76,0,0,0,2,18,9,52,0,0,2019,8,14,UTC,1,1007.2,60,0,-1,18.9,11,35490,229,9.7,5.9
213,2019-08-14 10:30:00,255,18,0,11,13,27,0,9,32,33,149,0,39,10,78,83,0,0,0,12,15,8,43,0,0,2019,8,14,UTC,0,1007.2,63,0,-1,19.7,12.6,30820,219,10.3,6.4
214,2019-08-14 11:00:00,271,27,0,4,19,20,0,8,67,27,155,0,8,6,64,72,0,0,0,3,19,13,52,0,0,2019,8,14,UTC,1,1007.3,66,0,-1,19.2,12.6,32880,223,10.6,7
215,2019-08-14 11:30:00,207,33,0,14,10,31,0,15,70,30,135,0,20,11,58,70,0,0,0,4,22,33,42,0,0,2019,8,14,UTC,1,1007.4,55,0,-1,19.6,10.4,40460,244,12.8,7.2
216,2019-08-14 12:00:00,274,18,0,10,15,26,0,15,46,14,130,0,16,5,87,69,0,0,0,15,23,72,54,0,0,2019,8,14,UTC,1,1007.5,61,0,-1,18.7,11.2,39010,228,12.4,7.3
217,2019-08-14 12:30:00,249,33,0,15,11,29,0,15,22,25,138,0,16,12,114,74,0,0,0,18,23,36,0,0,0,2019,8,14,UTC,1,1007.3,57,0,-1,19.1,10.5,44060,245,10.6,6
218,2019-08-14 13:00:00,240,47,0,8,11,20,0,21,9,37,105,0,37,8,81,57,0,0,0,7,15,75,0,0,0,2019,8,14,UTC,1,1007.3,61,0,-1,19.1,11.4,42170,236,12.5,6.7
219,2019-08-14 13:30:00,223,61,0,23,5,26,0,19,5,20,104,0,43,5,91,63,0,0,0,6,0,14,0,0,0,2019,8,14,UTC,1,1007.3,55,0,-1,19.2,9.9,38030,235,11.9,6.7
220,2019-08-14 14:00:00,224,52,0,16,15,25,0,22,29,33,123,0,5,2,108,52,0,0,0,9,0,7,0,0,0,2019,8,14,UTC,0,1007.3,60,0,-1,18.9,11.1,42200,230,12.5,7.2
221,2019-08-14 14:30:00,241,53,0,10,17,23,0,10,26,39,110,0,36,10,67,45,0,0,0,0,0,0,0,0,0,2019,8,14,UTC,0,1007.6,60,0,-1,18.9,11,44340,233,10.7,7.1
222,2019-08-14 15:00:00,8,44,0,10,9,23,0,3,28,32,101,0,1,0,11,68,0,0,0,0,0,0,0,0,0,2019,8,14,UTC,1,1007.6,59,0,-1,18.6,10.4,45280,230,10.9,6.8
223,2019-08-14 15:30:00,5,54,0,9,10,28,0,10,26,32,78,0,0,3,14,36,0,0,0,0,0,0,0,0,0,2019,8,14,UTC,0,1007.7,61,0,-1,18.4,10.6,42250,232,10.1,5.8
224,2019-08-14 16:00:00,9,35,0,8,8,27,0,22,5,27,107,0,3,0,20,34,0,0,0,5,0,0,0,0,0,2019,8,14,UTC,3,1007.7,65,0,-1,17.6,11,39680,238,10.2,5.7
225,2019-08-14 16:30:00,10,29,0,9,8,19,0,26,1,24,86,0,6,0,16,30,0,0,0,29,0,0,0,0,0,2019,8,14,UTC,3,1007.8,66,0,-1,17.3,10.9,48270,246,9.7,6.2
226,2019-08-14 17:00:00,8,22,0,11,17,20,0,30,6,23,116,0,0,0,16,41,0,0,0,14,0,2,0,0,0,2019,8,14,UTC,0,1008.1,59,0,-1,17.4,9.4,50000,245,12,7.4
227,2019-08-14 17:30:00,7,11,0,6,12,27,0,8,5,16,104,0,0,0,13,47,0,0,0,15,0,0,0,0,0,2019,8,14,UTC,0,1008,62,0,-1,16.9,9.5,47680,245,9.5,6.1
228,2019-08-14 18:00:00,8,15,0,18,1,20,0,5,0,16,74,0,4,0,13,19,0,0,0,0,0,0,0,0,0,2019,8,14,UTC,0,1008,63,0,-1,16.7,9.7,48220,240,10.6,5.5
229,2019-08-14 18:30:00,11,17,0,6,5,30,0,12,1,22,76,0,4,0,19,17,0,0,0,0,0,0,0,0,0,2019,8,14,UTC,0,1008,63,0,-1,16.5,9.6,48870,249,8.7,5.5
230,2019-08-14 19:00:00,6,13,0,5,5,26,0,8,3,20,75,0,2,1,8,21,0,0,0,0,0,0,0,0,0,2019,8,14,UTC,0,1007.7,65,0,-1,16.2,9.7,49650,247,7.8,4.7
231,2019-08-14 19:30:00,2,10,0,5,3,22,0,6,6,7,80,0,0,0,7,13,0,0,0,0,0,0,0,0,0,2019,8,14,UTC,0,1007.7,67,0,-1,16,9.8,50000,243,5.6,3.7
232,2019-08-14 20:00:00,3,13,0,5,3,14,0,4,4,8,81,0,2,0,6,6,0,0,0,0,0,0,0,0,0,2019,8,14,UTC,0,1007.5,69,0,-1,16,10.2,46200,244,7.2,4.5
233,2019-08-14 20:30:00,3,7,0,6,0,16,0,4,2,16,85,0,4,0,7,10,0,0,0,0,0,0,0,0,0,2019,8,14,UTC,1,1007.4,71,0,-1,16,10.8,40760,247,6.1,3.7
234,2019-08-14 21:00:00,5,9,0,4,0,18,0,5,2,24,57,0,4,0,6,5,0,0,0,0,0,0,0,0,0,2019,8,14,UTC,1,1007.5,70,0,-1,16.2,10.8,45170,251,4.9,3.5
235,2019-08-14 21:30:00,6,3,0,6,0,13,0,6,3,8,64,0,2,0,5,8,0,0,0,0,0,0,0,0,0,2019,8,14,UTC,1,1007.4,71,0,-1,16.1,10.8,50000,254,6.1,3.5
236,2019-08-14 22:00:00,6,0,0,6,1,16,0,5,3,6,71,0,3,0,4,4,0,0,0,0,0,0,0,0,0,2019,8,14,UTC,1,1007.3,70,0,-1,16.1,10.6,50000,247,5.1,3
237,2019-08-14 22:30:00,6,2,0,5,0,11,0,4,2,5,64,0,4,0,5,4,0,0,0,0,0,0,0,0,0,2019,8,14,UTC,0,1007.1,71,0,-1,16.2,10.9,40780,243,4.6,2.6
238,2019-08-14 23:00:00,5,1,0,4,0,11,0,5,1,6,60,0,4,0,5,4,0,0,0,0,0,0,0,0,0,2019,8,14,UTC,1,1007,76,0,-1,15.5,11.3,45230,234,3.9,2.2
239,2019-08-14 23:30:00,8,0,0,5,0,11,0,4,2,6,68,0,4,0,2,5,0,0,0,0,0,0,0,0,0,2019,8,14,UTC,5,1007,74,0,-1,16.4,11.7,50000,216,5.3,2.8
240,2019-08-15 00:00:00,6,0,0,5,0,12,0,6,3,5,66,0,2,0,3,9,0,0,0,0,0,0,0,0,0,2019,8,15,UTC,5,1006.8,77,0.4,-1,16,12.1,32440,222,7.9,3.8
241,2019-08-15 00:30:00,8,0,0,4,0,13,0,4,2,6,58,0,4,0,3,5,0,0,0,0,0,0,0,0,0,2019,8,15,UTC,1,1006.7,72,0,-1,16.2,11.2,31200,236,5.1,2.7
242,2019-08-15 01:00:00,6,0,0,5,0,14,0,6,6,8,64,0,0,0,2,5,0,0,0,0,0,0,0,0,0,2019,8,15,UTC,7,1006.8,75,0,-1,15.9,11.4,32380,222,7.6,4.7
243,2019-08-15 01:30:00,9,0,0,5,0,15,0,5,6,4,58,0,0,0,2,6,0,0,0,0,0,0,0,0,0,2019,8,15,UTC,8,1006.7,72,0,-1,15.7,10.8,48980,226,6.4,3.4
244,2019-08-15 02:00:00,6,0,0,5,0,13,0,4,6,6,49,0,0,0,5,6,0,0,0,0,0,0,0,0,0,2019,8,15,UTC,3,1006.5,76,0,-1,15.3,11.2,41530,223,5.4,3.4
245,2019-08-15 02:30:00,87,0,0,6,0,16,0,5,4,7,58,0,2,0,29,6,0,0,0,0,0,0,0,0,0,2019,8,15,UTC,1,1006.4,75,0,-1,15.8,11.3,50000,233,5,2.5
246,2019-08-15 03:00:00,164,4,0,6,0,15,0,7,7,6,64,0,0,0,30,6,0,0,0,0,0,0,0,0,0,2019,8,15,UTC,5,1006.5,71,0,-1,16,10.7,39390,238,4.7,2.6
247,2019-08-15 03:30:00,147,0,0,6,0,14,0,6,6,6,61,0,0,0,58,9,0,0,0,0,0,0,0,0,0,2019,8,15,UTC,5,1006.7,71,0,-1,15.9,10.6,49980,244,6.8,3.7
248,2019-08-15 04:00:00,126,1,0,5,1,15,0,4,4,11,75,0,6,0,62,15,0,0,0,0,0,0,0,0,0,2019,8,15,UTC,7,1006.8,68,0,-1,15.6,9.6,50000,244,7.6,3.8
249,2019-08-15 04:30:00,145,6,0,7,0,11,0,5,4,10,81,0,7,0,92,37,0,0,0,0,0,2,0,0,0,2019,8,15,UTC,5,1006.7,67,0,-1,15.5,9.3,50000,247,5.3,3.3
250,2019-08-15 05:00:00,144,1,0,7,3,10,0,8,3,25,84,0,14,0,65,57,0,0,0,0,0,2,0,0,0,2019,8,15,UTC,1,1006.6,68,0,-1,15.4,9.5,50000,249,4.7,2.7
251,2019-08-15 05:30:00,163,12,0,9,2,14,0,3,1,20,98,0,18,0,116,52,0,0,0,0,0,1,0,0,0,2019,8,15,UTC,0,1006.8,68,0,-1,15.6,9.6,50000,267,6.2,4.3
252,2019-08-15 06:00:00,154,25,0,26,4,30,0,13,22,18,90,0,8,1,121,63,0,0,0,0,0,4,0,0,0,2019,8,15,UTC,0,1006.8,66,0,-1,16.4,10.2,50000,263,6.4,4.4
253,2019-08-15 06:30:00,144,23,0,20,5,29,0,21,44,17,111,0,9,18,133,70,0,0,0,21,0,4,0,0,0,2019,8,15,UTC,1,1007.1,70,0,-1,16,10.6,50000,260,5.9,4.2
254,2019-08-15 07:00:00,140,31,0,37,2,23,0,30,13,20,111,0,33,30,105,73,0,0,0,14,0,26,0,0,0,2019,8,15,UTC,3,1007,67,0,-1,17,10.9,47110,244,5.5,3.6
255,2019-08-15 07:30:00,128,41,0,26,8,34,0,27,44,22,109,0,4,25,76,93,0,0,0,0,0,0,0,0,0,2019,8,15,UTC,5,1006.8,65,0,-1,17.8,11,46680,279,5.3,3.4
256,2019-08-15 08:00:00,118,59,0,15,6,23,0,6,54,20,131,0,8,24,83,71,0,0,0,2,0,0,0,0,0,2019,8,15,UTC,7,1007,70,0,-1,16.3,10.8,8810,253,7.4,4.3
257,2019-08-15 08:30:00,133,45,0,22,0,16,0,12,62,28,90,0,4,20,71,93,0,0,0,0,0,2,0,0,0,2019,8,15,UTC,5,1007.3,84,0,-1,15.2,12.5,48980,286,6.8,4.1
258,2019-08-15 09:00:00,107,49,0,23,15,19,0,7,32,30,121,0,60,26,39,93,0,0,0,0,0,9,0,0,0,2019,8,15,UTC,3,1007.4,65,0,-1,17.1,10.4,40540,288,6.6,4.3
259,2019-08-15 09:30:00,120,43,0,19,10,19,0,5,76,34,138,0,16,19,34,102,0,0,0,0,0,0,0,0,0,2019,8,15,UTC,1,1007.6,62,0,-1,17.7,10.2,41770,287,6.9,4.5
260,2019-08-15 10:00:00,142,25,0,13,6,11,0,16,82,51,143,0,13,7,68,97,0,0,0,2,0,8,0,0,0,2019,8,15,UTC,3,1007.6,58,0,-1,17.5,9.3,50000,295,7.4,3.7
261,2019-08-15 10:30:00,122,20,0,19,5,32,0,11,45,30,131,0,44,29,83,101,0,0,0,2,0,9,0,0,0,2019,8,15,UTC,1,1007.7,50,0,-1,18.7,8,42200,281,8.3,5.8
262,2019-08-15 11:00:00,133,20,0,13,20,13,0,18,23,27,157,0,55,25,94,78,0,0,0,4,0,13,0,0,0,2019,8,15,UTC,7,1007.8,49,0,-1,18.6,7.8,50000,266,8.8,6
263,2019-08-15 11:30:00,105,28,0,26,13,27,0,6,47,32,126,0,14,20,102,78,0,0,0,0,0,17,0,0,0,2019,8,15,UTC,3,1008,50,0,-1,19.4,8.6,41420,277,8.2,5.1
264,2019-08-15 12:00:00,138,24,0,25,5,33,0,13,66,32,128,0,8,15,150,106,0,0,0,7,0,58,0,0,0,2019,8,15,UTC,1,1008.2,51,0,-1,19.4,9,50000,260,12.2,7.6
265,2019-08-15 12:30:00,135,20,0,13,3,29,0,20,45,38,116,0,2,9,148,79,0,0,0,25,0,54,0,0,0,2019,8,15,UTC,0,1008.4,49,0,-1,18.8,7.9,50000,243,10.5,6.1
266,2019-08-15 13:00:00,146,27,0,13,3,32,0,18,61,33,137,0,8,8,139,91,0,0,0,1,0,38,0,0,0,2019,8,15,UTC,5,1008.5,50,0,-1,19.6,9.1,50000,250,8.5,6.1
267,2019-08-15 13:30:00,150,32,0,8,11,22,0,22,19,37,124,0,45,9,52,76,0,0,0,24,0,28,0,0,0,2019,8,15,UTC,1,1008.6,52,0,-1,19.5,9.3,50000,262,9.2,5.8
268,2019-08-15 14:00:00,60,41,0,20,18,31,0,17,12,28,151,0,31,6,53,71,0,0,0,2,0,1,0,0,0,2019,8,15,UTC,1,1008.8,57,0,-1,19.1,10.5,48540,222,8.7,5.2
269,2019-08-15 14:30:00,2,38,0,7,16,33,0,9,26,17,140,0,4,13,22,85,0,0,0,10,0,1,0,0,0,2019,8,15,UTC,1,1009,40,0,-1,20.4,6.4,46220,276,11.1,7.6
270,2019-08-15 15:00:00,8,35,0,4,14,26,0,9,34,32,145,0,7,8,14,82,0,0,0,0,0,0,0,0,0,2019,8,15,UTC,0,1009.2,39,0,-1,19.9,5.7,50000,267,9.6,6.4
271,2019-08-15 15:30:00,7,32,0,7,15,25,0,15,15,53,116,0,19,2,14,105,0,0,0,5,0,1,0,0,0,2019,8,15,UTC,0,1009.3,41,0,-1,19.7,6.1,50000,278,9.1,5.6
272,2019-08-15 16:00:00,30,50,0,10,20,42,0,11,16,44,126,0,2,0,19,106,0,0,0,0,0,0,0,0,0,2019,8,15,UTC,0,1009.7,42,0,-1,19.5,6.1,50000,285,9.5,6
273,2019-08-15 16:30:00,7,58,0,6,28,38,0,4,7,38,135,0,5,6,7,96,0,0,0,18,0,1,0,0,0,2019,8,15,UTC,0,1009.9,43,0,-1,19.3,6.2,50000,281,9,5.4
274,2019-08-15 17:00:00,7,29,0,10,15,25,0,18,2,50,137,0,4,2,9,60,0,0,0,8,0,0,0,0,0,2019,8,15,UTC,0,1010.2,43,0,-1,18.8,5.8,50000,271,9.4,6.2
275,2019-08-15 17:30:00,4,38,0,7,25,26,0,26,4,36,169,0,0,2,11,75,0,0,0,1,0,0,0,0,0,2019,8,15,UTC,0,1010.5,45,0,-1,18.3,6.2,50000,270,8.4,5.8
276,2019-08-15 18:00:00,8,42,0,4,20,26,0,3,4,19,136,0,1,3,12,79,0,0,0,0,0,0,0,0,0,2019,8,15,UTC,0,1010.9,47,0,-1,17.9,6.5,50000,268,7.5,4.7
277,2019-08-15 18:30:00,6,54,0,5,14,26,0,3,2,30,157,0,4,0,14,73,0,0,0,0,0,0,0,0,0,2019,8,15,UTC,0,1011.1,50,0,-1,17.5,6.9,50000,260,6.1,4.1
278,2019-08-15 19:00:00,5,36,0,4,12,28,0,4,2,27,148,0,4,0,9,84,0,0,0,5,0,0,0,0,0,2019,8,15,UTC,0,1011.5,59,0,-1,16.9,8.8,50000,261,7.3,4.7
279,2019-08-15 19:30:00,5,7,0,7,9,20,0,2,4,22,86,0,2,0,6,55,0,0,0,0,0,1,0,0,0,2019,8,15,UTC,0,1011.9,64,0,-1,16.6,9.8,50000,259,7.6,4.9
280,2019-08-15 20:00:00,5,3,0,4,6,25,0,2,5,21,68,0,0,1,6,35,0,0,0,0,0,0,0,0,0,2019,8,15,UTC,0,1012.1,66,0,-1,16.2,9.8,50000,261,7,4.7
281,2019-08-15 20:30:00,8,8,0,6,5,26,0,2,4,18,70,0,4,2,6,26,0,0,0,0,0,0,0,0,0,2019,8,15,UTC,0,1012.4,70,0,-1,16,10.4,50000,262,7.1,4.3
282,2019-08-15 21:00:00,9,11,0,5,2,18,0,2,2,10,60,0,4,0,7,41,0,0,0,0,0,0,0,0,0,2019,8,15,UTC,0,1012.7,71,0,-1,15.7,10.5,46220,261,5.8,3
283,2019-08-15 21:30:00,8,0,0,4,1,21,0,7,2,21,53,0,4,0,7,11,0,0,0,0,0,2,0,0,0,2019,8,15,UTC,0,1012.7,74,0,-1,15.5,10.8,50000,275,4.1,2.5
284,2019-08-15 22:00:00,11,0,0,4,0,28,0,2,3,9,52,0,3,0,8,15,0,0,0,0,0,1,0,0,0,2019,8,15,UTC,0,1012.8,75,0,-1,15,10.6,50000,263,5,3.1
285,2019-08-15 22:30:00,10,0,0,4,0,25,0,3,3,9,49,0,2,1,9,18,0,0,0,0,0,3,0,0,0,2019,8,15,UTC,0,1013.1,77,0,-1,14.9,10.9,50000,261,3.4,2.1
286,2019-08-15 23:00:00,12,0,0,4,0,23,0,3,1,12,51,0,4,0,6,13,0,0,0,0,0,2,0,0,0,2019,8,15,UTC,0,1013.1,82,0,-1,14.1,11.1,50000,260,3.5,2.3
287,2019-08-15 23:30:00,11,0,0,4,0,29,0,3,1,8,46,0,4,0,7,9,0,0,0,0,0,2,0,0,0,2019,8,15,UTC,0,1013.2,88,0,-1,13.3,11.4,50000,263,3.2,2.2
288,2019-08-16 00:00:00,7,0,0,5,0,22,0,4,5,3,65,0,0,0,7,11,0,0,0,0,0,0,0,0,0,2019,8,16,UTC,0,1013.2,91,0,-1,13.2,11.8,50000,246,2.4,1.5
289,2019-08-16 00:30:00,11,0,0,4,0,23,0,5,5,5,35,0,1,0,6,8,0,0,0,0,0,2,0,0,0,2019,8,16,UTC,0,1013.3,92,0,-1,13.2,11.9,47680,251,3.6,2.2
290,2019-08-16 01:00:00,9,0,0,5,0,21,0,2,6,4,37,0,0,0,7,8,0,0,0,0,0,2,0,0,0,2019,8,16,UTC,0,1013.4,88,0,-1,14,11.9,47190,244,3.1,2.1
291,2019-08-16 01:30:00,13,0,0,6,0,25,0,2,6,2,44,0,0,0,7,8,0,0,0,0,0,2,0,0,0,2019,8,16,UTC,0,1013.3,92,0,-1,13.1,11.8,43850,254,2.6,1.1
292,2019-08-16 02:00:00,8,0,0,6,0,19,0,5,6,2,42,0,0,0,6,8,0,0,0,0,0,2,0,0,0,2019,8,16,UTC,0,1013.4,93,0,-1,12.8,11.7,45730,238,2.6,1.6
293,2019-08-16 02:30:00,11,0,0,5,0,18,0,4,6,2,41,0,0,0,6,8,0,0,0,0,0,0,0,0,0,2019,8,16,UTC,0,1013.5,92,0,-1,12.7,11.4,47550,233,3.8,2.1
294,2019-08-16 03:00:00,9,0,0,5,2,21,0,6,2,8,35,0,4,0,8,11,0,0,0,0,0,1,0,0,0,2019,8,16,UTC,0,1013.6,92,0,-1,12.8,11.5,46000,238,3.8,2.1
295,2019-08-16 03:30:00,11,0,0,5,0,22,0,16,6,8,39,0,0,0,156,11,0,0,0,0,0,1,0,0,0,2019,8,16,UTC,0,1013.7,91,0,-1,13.3,11.8,49110,241,2.9,1.7
296,2019-08-16 04:00:00,15,0,0,4,0,20,0,27,8,16,46,0,0,0,147,10,0,0,0,8,0,1,0,0,0,2019,8,16,UTC,0,1013.8,80,0,-1,15.6,12.2,45990,229,3.2,1.7
297,2019-08-16 04:30:00,50,4,0,5,0,24,0,6,3,16,56,0,8,0,143,16,0,0,0,31,0,0,0,0,0,2019,8,16,UTC,0,1014,78,0,-1,16.4,12.4,46300,227,4.4,2.3
298,2019-08-16 05:00:00,88,8,0,13,2,30,0,4,19,25,75,0,0,0,148,47,0,0,0,0,0,2,0,0,0,2019,8,16,UTC,0,1014.2,77,0,-1,16.9,12.8,45870,231,4.2,2.5
299,2019-08-16 05:30:00,92,23,0,18,0,25,0,3,6,35,68,0,25,0,102,28,0,0,0,3,0,5,0,0,0,2019,8,16,UTC,0,1014.3,76,0,-1,17.2,12.9,44810,222,6.4,3.6
300,2019-08-16 06:00:00,107,18,0,16,2,35,0,4,27,28,95,0,3,5,126,49,0,0,0,2,0,2,0,0,0,2019,8,16,UTC,1,1014.4,77,0,-1,17.7,13.6,46930,222,6.8,4.7
301,2019-08-16 06:30:00,103,25,0,16,1,27,0,6,41,28,83,0,3,16,122,95,0,0,0,0,0,3,0,0,0,2019,8,16,UTC,1,1014.5,81,0,-1,17.1,13.8,49350,224,8,5.1
302,2019-08-16 07:00:00,64,13,0,13,2,23,0,3,24,19,120,0,12,8,149,76,0,0,0,4,0,5,0,0,0,2019,8,16,UTC,5,1014.7,84,0,-1,17,14.2,47830,222,8.2,4.9
303,2019-08-16 07:30:00,57,32,0,27,4,46,0,18,28,16,139,0,20,17,88,94,0,0,0,10,0,52,0,0,0,2019,8,16,UTC,7,1014.7,81,0,-1,17.7,14.4,39890,224,7.2,4.6
304,2019-08-16 08:00:00,64,45,0,50,4,32,0,16,58,31,144,0,5,26,86,105,0,0,0,0,0,11,0,0,0,2019,8,16,UTC,7,1014.8,82,0,-1,17.5,14.4,39940,223,8.3,5.8
305,2019-08-16 08:30:00,48,32,0,21,3,35,0,6,65,35,161,0,16,41,88,79,0,0,0,0,0,13,0,0,0,2019,8,16,UTC,1,1014.9,80,0,-1,18.1,14.5,34750,227,7.1,4.4
306,2019-08-16 09:00:00,22,38,0,23,2,26,0,15,89,37,130,0,25,24,91,79,0,0,0,0,0,10,0,0,0,2019,8,16,UTC,5,1014.9,83,0,-1,18,15,37500,215,8,5.5
307,2019-08-16 09:30:00,28,49,0,22,6,23,0,16,75,55,152,0,10,0,94,91,0,0,0,4,0,10,0,0,0,2019,8,16,UTC,7,1015.2,81,0,-1,17.9,14.7,33540,226,8.3,5.6
308,2019-08-16 10:00:00,44,52,0,16,8,40,0,22,65,40,173,0,5,0,122,89,0,0,0,2,0,8,0,0,0,2019,8,16,UTC,5,1015.1,73,0,-1,19,14,34230,220,7.6,5.3
309,2019-08-16 10:30:00,68,30,0,14,2,29,0,42,65,37,170,0,12,0,130,76,0,0,0,24,0,11,0,0,0,2019,8,16,UTC,5,1015.1,71,0,-1,18.6,13.2,32690,222,7.3,4.9
310,2019-08-16 11:00:00,83,34,0,24,4,33,0,30,61,44,106,0,5,0,142,64,0,0,0,36,0,10,0,0,0,2019,8,16,UTC,7,1015.1,75,0,-1,18.3,13.9,30960,213,7.4,4.4
311,2019-08-16 11:30:00,74,16,0,24,11,26,0,10,82,34,137,0,12,0,154,57,0,0,0,5,0,6,0,0,0,2019,8,16,UTC,7,1015.2,70,0,-1,19,13.4,33370,228,10,6.7
312,2019-08-16 12:00:00,113,26,0,15,2,33,0,7,59,37,119,0,20,0,141,63,0,0,0,6,0,65,0,0,0,2019,8,16,UTC,7,1015.3,74,0,-1,19.3,14.5,37810,226,8.2,5
313,2019-08-16 12:30:00,97,29,0,6,9,37,0,11,63,24,114,0,7,0,31,67,0,0,0,11,0,49,0,0,0,2019,8,16,UTC,5,1015.2,74,0,-1,19.3,14.5,45860,222,10.7,5.8
314,2019-08-16 13:00:00,108,24,0,9,16,30,0,14,50,43,145,0,6,0,28,57,0,0,0,5,0,76,0,0,0,2019,8,16,UTC,7,1015.2,70,0,-1,19.3,13.6,34980,222,9,6.3
315,2019-08-16 13:30:00,121,24,0,11,12,48,0,12,39,37,99,0,11,0,31,58,0,0,0,2,0,5,0,0,0,2019,8,16,UTC,7,1015.3,72,0,-1,18.5,13.3,37930,219,8,5.4
316,2019-08-16 14:00:00,83,45,0,10,9,53,0,6,9,34,114,0,34,0,34,82,0,0,0,1,0,6,0,0,0,2019,8,16,UTC,5,1015.3,68,0,-1,18.7,12.7,49590,217,6.4,4.2
317,2019-08-16 14:30:00,6,44,0,7,12,44,0,3,21,24,108,0,35,0,27,46,0,0,0,0,0,2,0,0,0,2019,8,16,UTC,7,1015.3,67,0,-1,18.9,12.6,42870,241,5.5,3.4
318,2019-08-16 15:00:00,4,31,0,9,22,46,0,6,29,19,89,0,2,0,22,46,0,0,0,0,0,6,0,0,0,2019,8,16,UTC,7,1015.1,63,0,-1,18.8,11.6,43480,222,5,3.5
319,2019-08-16 15:30:00,6,10,0,11,22,36,0,6,19,34,89,0,3,0,18,41,0,0,0,1,0,2,0,0,0,2019,8,16,UTC,7,1015.1,66,0,-1,18.7,12.3,43660,218,4.2,2.5
320,2019-08-16 16:00:00,12,3,0,7,39,26,0,11,12,33,126,0,5,0,20,42,0,0,0,0,0,2,0,0,0,2019,8,16,UTC,7,1015.1,69,0,-1,18.4,12.6,40160,217,4.9,3.4
321,2019-08-16 16:30:00,5,42,0,22,29,32,0,13,8,26,108,0,2,0,22,45,0,0,0,5,0,0,0,0,0,2019,8,16,UTC,7,1015.1,74,0,-1,18.2,13.5,38990,205,3.4,2.3
322,2019-08-16 17:00:00,4,30,0,7,45,23,0,5,7,20,84,0,0,0,20,39,0,0,0,47,0,0,0,0,0,2019,8,16,UTC,7,1015.2,75,0,-1,17.7,13.2,43410,190,4.1,2.7
323,2019-08-16 17:30:00,5,16,0,8,38,27,0,32,5,29,96,0,0,0,17,47,0,0,0,7,0,1,0,0,0,2019,8,16,UTC,7,1015.3,75,0,-1,17.6,13.2,40870,182,3.4,2
324,2019-08-16 18:00:00,4,18,10,11,28,34,0,12,2,28,92,0,3,0,18,34,37,0,0,38,12,0,52,43,7,2019,8,16,UTC,7,1015.2,74,0,-1,17.5,12.8,37250,164,4,2.8
325,2019-08-16 18:30:00,8,15,11,6,39,15,0,5,4,15,96,0,0,0,12,31,26,0,0,0,36,0,38,43,10,2019,8,16,UTC,8,1015.2,79,0,-1,17.4,13.7,38140,163,4,2.6
326,2019-08-16 19:00:00,1,5,12,10,29,26,0,5,6,26,82,0,0,0,17,34,33,0,0,5,4,0,46,31,5,2019,8,16,UTC,5,1015.2,80,0,-1,17.2,13.6,39810,150,4.4,2.8
327,2019-08-16 19:30:00,4,4,14,4,28,19,0,2,3,20,66,0,2,0,11,24,19,0,0,1,4,1,48,27,5,2019,8,16,UTC,7,1015.3,82,0,-1,17.1,14,40180,144,4.7,2.8
328,2019-08-16 20:00:00,7,11,11,11,37,19,0,3,4,22,80,0,2,0,14,22,23,0,0,0,6,0,44,39,3,2019,8,16,UTC,7,1015.2,79,0,-1,17.3,13.7,37980,132,4.7,3.2
329,2019-08-16 20:30:00,5,2,13,8,39,11,0,4,7,30,68,0,0,0,11,12,11,0,0,0,5,1,39,36,6,2019,8,16,UTC,7,1015.3,82,0,-1,17.2,14.1,43990,131,4.8,2.8
330,2019-08-16 21:00:00,4,4,12,5,56,22,0,3,5,21,62,0,0,0,15,12,10,0,0,1,6,0,30,33,4,2019,8,16,UTC,7,1015.3,85,0,-1,17.3,14.7,39320,138,4.7,2.9
331,2019-08-16 21:30:00,4,4,13,4,67,14,0,3,0,17,52,0,6,0,10,10,15,0,0,0,5,0,39,32,8,2019,8,16,UTC,7,1015.3,83,0,-1,17.3,14.5,41360,142,4,2.8
332,2019-08-16 22:00:00,3,4,10,4,83,14,0,6,4,17,58,0,2,0,10,17,11,0,0,0,4,0,50,36,4,2019,8,16,UTC,7,1015.2,80,0,-1,17.5,14,46370,148,5.2,3
333,2019-08-16 22:30:00,4,2,9,4,86,20,0,3,6,14,48,0,0,0,10,8,10,0,0,0,4,0,47,22,2,2019,8,16,UTC,7,1015.2,81,0,-1,17.5,14.2,44770,134,5,3.2
334,2019-08-16 23:00:00,4,2,11,4,79,10,0,3,5,21,51,0,1,0,11,7,13,0,0,0,4,1,34,31,2,2019,8,16,UTC,5,1015.2,79,0,-1,17.3,13.6,50000,141,4.4,2.9
335,2019-08-16 23:30:00,3,1,8,4,82,14,0,5,3,8,44,0,3,0,13,10,12,0,0,0,3,0,41,35,2,2019,8,16,UTC,7,1015.2,78,0,-1,17.5,13.7,47270,145,5,3.1
336,2019-08-17 00:00:00,8,0,13,4,57,11,0,3,6,24,53,0,0,0,10,4,7,0,0,0,4,0,37,26,2,2019,8,17,UTC,1,1015,80,0,-1,17,13.6,50000,147,5.5,3.3
337,2019-08-17 00:30:00,4,0,10,4,45,10,0,4,6,22,41,0,0,0,10,5,4,0,0,0,4,0,29,26,2,2019,8,17,UTC,3,1015,82,0,-1,16.8,13.8,50000,140,5.5,3.2
338,2019-08-17 01:00:00,3,0,12,4,1,9,0,2,0,20,49,0,5,0,10,3,5,0,0,0,6,0,45,18,2,2019,8,17,UTC,7,1014.8,82,0,-1,17,13.9,45500,140,4.9,3.1
339,2019-08-17 01:30:00,3,0,8,5,0,13,0,3,4,20,47,0,2,0,9,4,7,0,0,0,5,0,39,19,2,2019,8,17,UTC,7,1014.7,82,0,-1,17.1,14,48290,144,5.7,3.3
340,2019-08-17 02:00:00,4,0,8,4,3,6,0,4,1,19,51,0,4,0,9,7,6,0,0,0,4,0,44,16,2,2019,8,17,UTC,7,1014.6,82,0,-1,17,13.9,50000,145,6,3.4
341,2019-08-17 02:30:00,3,0,9,4,4,8,0,3,1,15,43,0,5,0,10,4,8,0,0,0,4,0,49,15,2,2019,8,17,UTC,7,1014.5,81,0,-1,17.1,13.8,43850,151,5.9,3
342,2019-08-17 03:00:00,3,0,11,4,1,8,0,3,5,15,29,0,0,0,10,3,8,0,0,0,4,0,42,17,2,2019,8,17,UTC,7,1014.5,80,0,-1,17.1,13.6,47000,159,5.9,3.5
343,2019-08-17 03:30:00,4,0,9,4,1,9,0,2,4,17,47,0,5,0,10,6,8,0,0,0,4,0,45,15,2,2019,8,17,UTC,7,1014.6,80,0,-1,17.2,13.6,48000,165,5.1,3.2
344,2019-08-17 04:00:00,5,0,8,4,1,9,0,2,2,21,50,0,6,0,12,2,6,0,0,0,4,0,35,15,2,2019,8,17,UTC,7,1014.6,78,0,-1,17.3,13.4,42880,174,6.2,3.6
345,2019-08-17 04:30:00,2,0,8,4,1,10,0,2,15,20,54,0,2,0,10,5,8,0,0,0,4,0,42,18,2,2019,8,17,UTC,7,1014.7,78,0,-1,17.2,13.3,41980,176,6.1,3.9
346,2019-08-17 05:00:00,11,0,7,6,5,7,0,3,24,10,70,0,0,0,11,7,7,0,0,0,4,0,48,15,2,2019,8,17,UTC,7,1014.8,80,0,-1,17.1,13.7,49020,181,4.7,3.1
347,2019-08-17 05:30:00,45,0,11,7,0,11,0,9,23,15,55,0,17,0,14,14,8,0,0,0,3,0,40,16,4,2019,8,17,UTC,7,1014.8,79,0,-1,17.3,13.7,40000,188,6.6,3.5
348,2019-08-17 06:00:00,51,0,8,9,3,10,0,8,37,14,77,0,6,0,10,19,18,0,0,1,4,0,42,18,2,2019,8,17,UTC,7,1014.9,81,0,-1,17.3,13.9,42620,184,5.6,3.3
349,2019-08-17 06:30:00,48,0,15,23,6,15,0,23,68,15,91,0,5,0,11,22,16,0,0,0,4,2,41,18,6,2019,8,17,UTC,7,1015,80,0,-1,17.6,14.2,37610,191,6.8,4.2
350,2019-08-17 07:00:00,44,3,26,25,3,19,0,39,17,25,93,0,43,0,13,34,45,0,0,16,6,4,52,25,2,2019,8,17,UTC,1,1014.9,79,0,-1,18.2,14.6,38670,185,5.8,3.5
351,2019-08-17 07:30:00,18,11,16,16,10,22,0,19,41,25,121,0,29,0,10,54,33,0,0,33,9,44,36,20,23,2019,8,17,UTC,3,1015.1,80,0,-1,17.7,14.3,34860,183,7,4.5
352,2019-08-17 08:00:00,30,37,9,17,13,36,0,8,37,20,111,0,52,0,16,61,60,0,0,4,6,8,50,23,5,2019,8,17,UTC,0,1015.2,76,0,-1,18.5,14.1,34740,176,6,3.8
353,2019-08-17 08:30:00,36,20,10,27,16,21,0,4,90,34,90,0,25,0,16,59,75,0,0,7,4,3,67,25,46,2019,8,17,UTC,0,1015.3,75,0,-1,18.7,14.2,33710,170,7,4.5
354,2019-08-17 09:00:00,26,14,8,19,4,22,0,11,29,29,131,0,70,0,16,73,87,0,0,0,4,1,57,33,14,2019,8,17,UTC,0,1015.4,75,0,-1,18.6,14,30700,172,6.3,3.6
355,2019-08-17 09:30:00,40,12,2,21,16,24,0,12,0,23,138,0,91,0,20,74,93,0,0,0,4,14,48,29,27,2019,8,17,UTC,3,1015.5,76,0,-1,18.8,14.4,35880,184,5.4,3.7
356,2019-08-17 10:00:00,32,16,7,21,25,27,0,14,0,35,142,0,87,0,17,56,96,0,0,2,6,8,41,31,48,2019,8,17,UTC,5,1015.4,74,0,-1,19.2,14.4,36430,174,5.7,3.8
357,2019-08-17 10:30:00,39,25,4,17,29,23,0,9,0,24,117,0,87,0,17,63,75,0,0,21,4,8,45,39,23,2019,8,17,UTC,7,1015.4,69,0,-1,19.4,13.5,32180,169,5.8,3.7
358,2019-08-17 11:00:00,47,41,8,17,36,31,0,7,0,36,138,0,65,0,23,90,99,0,0,4,4,26,19,31,47,2019,8,17,UTC,3,1015.4,65,0,-1,20.5,13.6,30490,174,5.1,3.3
359,2019-08-17 11:30:00,61,38,0,21,56,24,0,18,0,20,119,0,52,0,17,53,111,0,0,4,5,31,23,41,42,2019,8,17,UTC,5,1015.2,61,0,-1,21.3,13.5,31870,173,4.7,3.1
360,2019-08-17 12:00:00,49,33,7,16,37,20,0,6,0,15,162,0,67,0,17,49,96,0,0,14,8,53,28,34,29,2019,8,17,UTC,3,1015.1,62,0,-1,21.4,13.8,36630,207,5.7,2.7
361,2019-08-17 12:30:00,63,41,8,19,45,21,0,14,0,29,94,0,54,0,21,53,99,0,0,20,5,48,28,31,26,2019,8,17,UTC,1,1014.9,62,0,-1,21.1,13.5,41440,170,5.4,3.3
362,2019-08-17 13:00:00,37,43,13,19,56,41,0,32,0,23,128,0,55,0,16,64,102,0,0,1,7,55,32,29,23,2019,8,17,UTC,3,1014.7,63,0,-1,21.4,14.1,36760,165,5.3,2.6
363,2019-08-17 13:30:00,37,33,15,13,51,34,0,31,0,24,136,0,35,0,22,57,111,0,0,18,6,10,28,39,28,2019,8,17,UTC,7,1014.6,66,0,-1,20.7,14.2,38290,124,4.2,2.9
364,2019-08-17 14:00:00,54,31,17,28,50,16,0,11,0,28,116,0,32,0,22,65,93,0,0,6,6,2,26,33,35,2019,8,17,UTC,7,1014.5,70,0,-1,19.9,14.3,39980,139,4.6,3
365,2019-08-17 14:30:00,61,16,28,14,38,23,0,10,0,23,148,0,25,0,17,61,84,0,0,3,7,0,13,48,45,2019,8,17,UTC,5,1014.3,71,0,-1,20,14.7,39150,129,4.7,3.3
366,2019-08-17 15:00:00,53,10,9,15,49,45,0,10,0,27,106,0,16,0,21,53,91,0,0,7,6,1,22,26,16,2019,8,17,UTC,1,1014.2,69,0,-1,19.8,13.9,43270,120,5.6,3.9
367,2019-08-17 15:30:00,44,13,9,10,64,22,0,16,0,29,98,0,6,0,30,59,81,0,0,2,10,1,13,30,37,2019,8,17,UTC,1,1014.1,69,0,-1,20.2,14.4,43260,115,4.6,3.6
368,2019-08-17 16:00:00,53,18,10,9,61,32,0,33,0,30,104,0,5,0,21,53,77,0,0,1,4,0,32,29,39,2019,8,17,UTC,1,1014,68,0,-1,20,13.9,38230,115,3.3,2.6
369,2019-08-17 16:30:00,41,17,7,7,70,17,0,44,0,24,135,0,5,0,16,45,42,0,0,25,5,0,22,36,34,2019,8,17,UTC,5,1014,69,0,-1,19.8,14,42130,137,2.8,2
370,2019-08-17 17:00:00,6,6,14,14,67,30,0,58,0,24,108,0,4,0,24,55,48,0,0,6,4,0,29,30,18,2019,8,17,UTC,5,1014,72,0,-1,19.6,14.5,42270,123,2.3,1.3
371,2019-08-17 17:30:00,5,7,16,17,66,20,0,12,0,23,99,0,4,0,18,54,23,0,0,2,7,0,32,46,24,2019,8,17,UTC,5,1014,74,0,-1,19.4,14.7,40820,115,2.5,1.7
372,2019-08-17 18:00:00,6,0,11,7,62,20,0,10,0,19,94,0,4,0,17,35,43,0,0,1,4,0,27,45,13,2019,8,17,UTC,0,1013.8,79,0,-1,18.8,15.1,43030,111,3.1,2.3
373,2019-08-17 18:30:00,4,4,7,8,85,20,0,5,0,20,94,0,4,0,16,46,39,0,0,0,6,0,20,49,19,2019,8,17,UTC,0,1013.9,83,0,-1,18.1,15.1,42840,114,3.4,2.6
374,2019-08-17 19:00:00,6,4,2,4,59,26,0,5,0,26,89,0,4,0,10,29,30,0,0,5,5,0,22,40,4,2019,8,17,UTC,0,1013.7,84,0,-1,17.7,15,39100,118,3.7,2.2
375,2019-08-17 19:30:00,2,2,4,5,61,24,0,3,0,19,86,0,4,0,10,31,25,0,0,0,5,0,17,41,6,2019,8,17,UTC,3,1013.6,77,0,-1,18.6,14.5,46020,146,4.3,2.3
376,2019-08-17 20:00:00,7,0,2,14,93,40,0,0,0,17,67,0,4,0,10,29,18,0,0,0,6,0,17,45,5,2019,8,17,UTC,7,1013.7,73,0,-1,18.9,13.9,47390,143,4.2,2.1
377,2019-08-17 20:30:00,3,3,0,4,95,30,0,0,0,20,60,0,3,0,10,11,21,0,0,0,6,0,17,41,11,2019,8,17,UTC,7,1013.6,77,0,-1,18.7,14.6,46180,161,6.8,3.8
378,2019-08-17 21:00:00,3,2,0,5,114,20,0,1,0,20,64,0,4,0,10,8,25,0,0,0,6,0,19,34,6,2019,8,17,UTC,5,1013.5,75,0,-1,18.8,14.2,42760,162,8.7,4.3
379,2019-08-17 21:30:00,6,0,3,4,124,18,0,7,0,17,47,0,4,0,8,12,14,0,0,0,6,0,22,36,13,2019,8,17,UTC,1,1013.6,77,0,-1,18.3,14.3,49450,157,7.9,4.6
380,2019-08-17 22:00:00,1,1,1,4,109,17,0,2,0,17,86,0,4,0,13,5,14,0,0,0,4,0,20,39,9,2019,8,17,UTC,1,1013.5,76,0,-1,18.2,13.9,45460,156,7.9,4.5
381,2019-08-17 22:30:00,2,4,0,4,119,16,0,0,0,21,41,0,3,0,12,4,17,0,0,0,6,0,17,26,2,2019,8,17,UTC,5,1013.6,75,0,-1,18.3,13.7,50000,170,6.5,3.7
382,2019-08-17 23:00:00,3,0,1,4,85,22,0,1,0,31,39,0,3,0,10,6,14,0,0,2,6,0,17,35,2,2019,8,17,UTC,7,1013.4,76,0,-1,18.1,13.9,50000,153,5.7,3.5
383,2019-08-17 23:30:00,4,2,0,4,85,16,0,2,0,11,37,0,4,0,10,6,12,0,0,0,4,1,14,41,2,2019,8,17,UTC,5,1013.5,79,0,-1,17.8,14,47100,176,5,2.5
384,2019-08-18 00:00:00,4,0,2,4,55,15,0,0,0,21,43,0,4,0,11,11,11,0,0,0,7,0,18,22,2,2019,8,18,UTC,1,1013.3,78,0,-1,17.4,13.5,46980,167,4.2,2.5
385,2019-08-18 00:30:00,5,0,0,4,40,11,0,2,0,14,44,0,4,0,10,8,17,0,0,0,5,0,20,27,2,2019,8,18,UTC,0,1013.3,78,0,-1,17.2,13.4,47430,184,6.3,3.5
386,2019-08-18 01:00:00,4,1,1,4,30,21,0,2,0,19,41,0,4,0,10,12,8,0,0,0,4,0,13,21,2,2019,8,18,UTC,3,1013.2,77,0,-1,17.4,13.4,42980,162,6.7,3.4
387,2019-08-18 01:30:00,5,0,2,4,5,17,0,3,0,11,40,0,3,0,11,6,16,0,0,0,4,0,10,18,2,2019,8,18,UTC,1,1013,77,0,-1,17.3,13.2,49010,149,7,4.4
388,2019-08-18 02:00:00,5,0,0,4,7,18,0,3,0,6,43,0,4,0,10,4,8,0,0,0,5,0,14,17,2,2019,8,18,UTC,1,1012.8,76,0,-1,17.1,12.9,46090,164,7.9,4.7
389,2019-08-18 02:30:00,5,0,2,4,3,16,0,2,0,5,39,0,4,0,10,3,4,0,0,0,5,0,13,12,2,2019,8,18,UTC,3,1012.7,77,0,-1,17.1,13,47310,162,7,4.1
390,2019-08-18 03:00:00,4,0,2,4,4,12,0,2,0,7,32,0,4,0,10,2,4,0,0,0,5,0,17,14,2,2019,8,18,UTC,7,1012.7,76,0,-1,17.1,12.9,48400,166,5.6,3.3
391,2019-08-18 03:30:00,2,2,0,4,4,16,0,1,0,8,33,0,4,0,20,2,2,0,0,0,5,0,14,13,2,2019,8,18,UTC,1,1012.8,80,0,-1,16.8,13.3,42370,155,5.3,3
392,2019-08-18 04:00:00,3,0,0,4,3,13,0,0,0,8,37,0,5,0,116,7,2,0,0,0,4,0,16,14,2,2019,8,18,UTC,0,1012.8,80,0,-1,16.8,13.4,42460,152,5,3.3
393,2019-08-18 04:30:00,1,0,0,9,3,11,0,2,0,10,54,0,4,0,152,5,6,0,0,0,4,0,18,11,2,2019,8,18,UTC,0,1012.7,78,0,-1,17.3,13.4,50000,154,5.7,3.5
394,2019-08-18 05:00:00,59,0,0,7,2,16,0,3,0,11,76,0,4,0,133,6,3,0,0,0,3,0,16,18,5,2019,8,18,UTC,0,1012.6,74,0,-1,18,13.3,44310,159,6.6,4.5
395,2019-08-18 05:30:00,73,1,0,4,2,18,0,8,0,12,68,0,4,0,124,20,2,0,0,0,5,0,16,15,4,2019,8,18,UTC,0,1012.5,71,0,-1,18.4,13.1,49750,160,7.6,5.1
396,2019-08-18 06:00:00,89,0,1,10,4,10,0,8,0,12,90,0,4,0,150,32,0,0,0,2,5,1,20,20,5,2019,8,18,UTC,0,1012.6,70,0,-1,18.3,12.8,44740,158,7.6,4.7
397,2019-08-18 06:30:00,84,2,0,21,5,22,0,19,0,9,123,0,4,0,119,32,10,0,0,24,10,1,20,16,4,2019,8,18,UTC,3,1012.7,66,0,-1,19.1,12.6,37570,147,8.3,6
398,2019-08-18 07:00:00,79,2,6,17,1,23,0,26,0,22,89,0,3,0,132,59,9,0,0,6,23,14,9,23,6,2019,8,18,UTC,7,1012.6,66,0,-1,18.4,11.9,42350,145,7.7,5.2
399,2019-08-18 07:30:00,70,6,0,10,5,27,0,28,0,19,131,0,4,0,75,75,28,0,0,3,89,91,21,26,7,2019,8,18,UTC,7,1012.5,62,0,-1,19.4,12,48110,145,5.5,3.4
400,2019-08-18 08:00:00,71,29,1,19,11,40,0,8,0,18,149,0,5,0,68,73,71,0,0,7,110,15,21,17,10,2019,8,18,UTC,5,1012.2,62,0,-1,19.7,12.1,37250,132,8.3,5
401,2019-08-18 08:30:00,44,25,1,37,4,35,0,7,0,29,131,0,3,0,80,68,57,0,0,3,62,3,25,19,8,2019,8,18,UTC,5,1012.2,65,0,-1,19.8,13,46010,130,9.7,5.5
402,2019-08-18 09:00:00,47,17,1,39,4,39,0,10,0,36,146,0,4,0,64,70,76,0,0,1,20,4,18,30,36,2019,8,18,UTC,8,1012.2,64,0,-1,19.5,12.6,49140,128,8.4,5.2
403,2019-08-18 09:30:00,54,24,2,26,11,28,0,10,0,24,144,0,4,0,95,89,54,0,0,3,29,1,21,31,35,2019,8,18,UTC,7,1012.2,61,0,-1,19.8,12,44610,129,7.8,5
404,2019-08-18 10:00:00,63,19,2,20,11,31,0,12,0,19,142,0,4,0,114,56,94,0,0,0,18,4,24,31,21,2019,8,18,UTC,7,1012.1,66,0,-1,19.5,13,41390,116,9.1,5.8
405,2019-08-18 10:30:00,39,42,0,20,9,35,0,6,0,26,127,0,6,0,151,55,92,0,0,1,19,2,26,35,38,2019,8,18,UTC,7,1012.2,66,0,-1,19.2,12.6,47720,119,8.5,5.6
406,2019-08-18 11:00:00,52,35,0,20,16,35,0,23,0,20,139,0,4,0,142,44,81,0,0,26,19,10,23,26,23,2019,8,18,UTC,7,1012,62,0,-1,20,12.6,46970,112,9.1,6.4
407,2019-08-18 11:30:00,91,48,0,25,8,40,0,5,0,40,133,0,5,0,124,49,92,0,0,6,50,15,38,43,16,2019,8,18,UTC,7,1011.9,63,0,-1,19.7,12.5,42710,113,9.9,7.7
408,2019-08-18 12:00:00,98,17,1,11,18,48,0,11,0,28,139,0,4,0,142,60,75,0,0,6,60,40,28,30,10,2019,8,18,UTC,3,1011.8,58,0,-1,20.7,12.1,41330,113,10.7,7.3
409,2019-08-18 12:30:00,109,18,0,12,17,33,0,7,0,27,151,0,4,0,27,49,75,0,0,14,69,40,29,37,31,2019,8,18,UTC,5,1012,56,0,-1,21.2,12.1,35740,114,10.5,7.8
410,2019-08-18 13:00:00,109,11,15,10,17,25,0,33,0,34,169,0,4,0,32,42,80,0,0,10,69,44,35,35,26,2019,8,18,UTC,3,1011.7,56,0,-1,20.7,11.7,47770,113,10.8,8.2
411,2019-08-18 13:30:00,91,26,16,20,28,25,0,13,0,22,126,0,4,0,26,38,70,0,0,6,57,17,26,31,27,2019,8,18,UTC,0,1011.5,57,0,-1,20,11.3,49100,114,11.6,8.7
412,2019-08-18 14:00:00,13,21,3,22,28,31,0,9,0,17,118,0,4,0,15,53,81,0,0,6,67,4,28,36,8,2019,8,18,UTC,3,1011.6,60,0,-1,19.7,11.7,44750,116,10.9,8.2
413,2019-08-18 14:30:00,11,14,6,12,25,20,0,23,0,32,87,0,4,0,13,76,92,0,0,2,85,2,29,38,13,2019,8,18,UTC,7,1011.2,60,0,-1,19.8,11.9,43960,114,8.8,6
414,2019-08-18 15:00:00,13,15,8,16,16,32,0,33,0,26,96,0,4,0,17,55,68,0,0,25,75,2,26,22,4,2019,8,18,UTC,3,1010.9,60,0,-1,19.7,11.6,40330,114,9.1,6.5
415,2019-08-18 15:30:00,17,9,6,5,10,33,0,44,0,11,113,0,4,0,20,55,29,0,0,6,43,2,22,32,9,2019,8,18,UTC,5,1010.9,62,0,-1,19.2,11.7,50000,113,8.9,5.9
416,2019-08-18 16:00:00,23,6,2,8,16,43,0,15,0,16,93,0,4,0,21,45,20,0,0,1,45,0,22,29,9,2019,8,18,UTC,7,1010.8,66,0,-1,19,12.5,50000,112,9,6.3
417,2019-08-18 16:30:00,7,8,1,10,15,32,0,5,0,19,95,0,4,0,21,45,37,0,0,0,4,0,25,29,4,2019,8,18,UTC,7,1010.8,68,0,-1,18.9,12.8,47770,113,9.1,6.5
418,2019-08-18 17:00:00,49,5,0,9,10,35,0,4,0,21,100,0,6,0,17,39,16,0,0,0,4,0,20,28,7,2019,8,18,UTC,7,1010.6,71,0,-1,18.7,13.3,50000,112,8.4,6.4
419,2019-08-18 17:30:00,10,4,4,9,7,34,0,3,0,23,104,0,4,0,17,30,16,0,0,0,4,0,25,32,2,2019,8,18,UTC,7,1010.5,72,0,-1,18.8,13.5,46400,113,8.7,6.6
420,2019-08-18 18:00:00,12,0,1,8,5,33,0,6,0,27,105,0,4,0,19,46,7,0,0,0,4,0,17,25,5,2019,8,18,UTC,7,1010.1,74,0,-1,18.7,14,50000,113,7.6,5.6
421,2019-08-18 18:30:00,12,0,0,6,0,29,0,5,0,16,77,0,4,0,21,27,11,0,0,1,3,0,18,22,3,2019,8,18,UTC,7,1009.9,72,0,-1,19,13.8,50000,115,5.6,4.1
422,2019-08-18 19:00:00,15,0,4,7,3,27,0,6,0,9,71,0,4,0,18,33,8,0,0,0,5,0,15,22,3,2019,8,18,UTC,5,1009.7,74,0,-1,18.7,14,48380,129,8.9,5.1
423,2019-08-18 19:30:00,6,3,2,7,0,28,0,4,0,8,61,0,4,0,17,9,8,0,0,0,4,0,20,22,4,2019,8,18,UTC,7,1009.7,73,0,-1,18.8,13.9,50000,132,8,4.8
424,2019-08-18 20:00:00,6,4,4,6,0,30,0,3,0,14,64,0,4,0,17,9,11,0,0,0,4,0,15,15,2,2019,8,18,UTC,7,1009.4,71,0,-1,18.8,13.5,48180,133,8.7,4.9
425,2019-08-18 20:30:00,8,1,0,5,0,28,0,3,0,8,63,0,6,0,18,5,14,0,0,0,4,0,15,25,4,2019,8,18,UTC,7,1009.4,70,0,-1,18.8,13.3,48990,131,7.7,4.6
426,2019-08-18 21:00:00,3,3,0,6,0,25,0,1,0,8,69,0,4,0,12,5,4,0,0,0,5,1,12,20,2,2019,8,18,UTC,7,1009.2,71,0,-1,18.7,13.3,49760,128,7.6,4.6
427,2019-08-18 21:30:00,3,0,0,8,0,25,0,4,5,10,71,0,2,0,20,6,6,0,0,19,4,0,13,17,2,2019,8,18,UTC,7,1009.1,66,0,-1,18.9,12.5,46120,136,6.3,3.9
428,2019-08-18 22:00:00,6,0,0,8,0,21,0,34,6,7,67,0,0,0,14,4,9,0,0,3,4,0,18,16,2,2019,8,18,UTC,7,1008.9,65,0,-1,19,12.3,45900,140,8.4,3.8
429,2019-08-18 22:30:00,7,0,1,8,0,19,0,2,7,4,69,0,1,0,16,5,3,0,0,0,3,0,13,13,2,2019,8,18,UTC,7,1008.7,65,0,-1,19,12.3,46520,140,9.4,4.6
430,2019-08-18 23:00:00,6,0,0,7,0,19,0,2,4,10,66,0,2,0,18,3,6,0,0,0,4,0,13,17,2,2019,8,18,UTC,7,1008.5,66,0,-1,19,12.5,50000,141,7.5,4.7
431,2019-08-18 23:30:00,6,0,2,5,0,16,0,2,3,3,61,0,4,0,19,3,3,0,0,0,4,0,14,16,2,2019,8,18,UTC,7,1008.1,69,0,-1,18.5,12.8,47480,136,8.8,4.4
432,2019-08-19 00:00:00,7,0,0,6,0,18,0,2,6,12,67,0,1,0,15,4,4,0,0,0,4,0,10,19,2,2019,8,19,UTC,7,1007.8,68,0,-1,18.6,12.6,50000,142,8.1,4.8
433,2019-08-19 00:30:00,6,0,0,7,0,16,0,2,3,6,63,0,4,0,17,3,5,0,0,0,4,0,14,19,2,2019,8,19,UTC,7,1007.5,69,0,-1,18.6,12.7,50000,143,9.3,5.4
434,2019-08-19 01:00:00,6,0,0,6,0,18,0,2,6,11,65,0,0,0,16,4,4,0,0,0,5,0,18,21,2,2019,8,19,UTC,7,1007.3,71,0,-1,18.4,13.1,35210,149,8.5,4.9
435,2019-08-19 01:30:00,7,0,0,8,0,15,0,4,6,16,70,0,0,0,20,3,4,0,0,0,6,0,15,16,2,2019,8,19,UTC,7,1006.9,75,0,-1,18,13.4,47610,153,7.4,4.1
436,2019-08-19 02:00:00,7,0,0,6,0,18,0,4,4,2,63,0,3,0,17,2,4,0,0,0,5,0,13,17,2,2019,8,19,UTC,7,1006.7,74,0,-1,18.1,13.3,40010,155,8.5,5
437,2019-08-19 02:30:00,7,0,1,6,0,19,0,4,4,9,67,0,2,0,15,4,5,0,0,0,4,0,10,16,2,2019,8,19,UTC,7,1006.7,81,0.4,-1,17.4,14.1,29850,152,5.9,3.7
438,2019-08-19 03:00:00,7,0,0,8,0,21,0,3,7,5,62,0,0,0,19,5,4,0,0,0,4,0,15,14,2,2019,8,19,UTC,7,1006.4,84,0.8,-1,17.1,14.3,17420,148,6.7,3.5
439,2019-08-19 03:30:00,10,0,0,8,2,19,0,2,3,16,67,0,4,0,28,8,7,0,0,0,4,0,10,22,4,2019,8,19,UTC,7,1006.6,86,0.1,-1,16.9,14.5,22480,160,7,4.4
440,2019-08-19 04:00:00,10,0,0,3,0,20,0,1,3,4,71,0,4,0,58,6,8,0,0,0,7,0,15,20,2,2019,8,19,UTC,8,1006.2,86,0.1,-1,16.9,14.5,27490,153,6.4,3.9
441,2019-08-19 04:30:00,99,2,12,6,0,21,0,2,7,16,87,0,1,0,52,9,18,0,0,0,7,0,26,30,2,2019,8,19,UTC,7,1006.1,84,0.5,-1,17.1,14.4,16490,147,9.1,5.1
442,2019-08-19 05:00:00,99,13,30,5,0,25,0,3,15,15,82,0,3,0,76,18,26,0,0,0,8,0,20,55,3,2019,8,19,UTC,7,1005.8,84,0,-1,17.1,14.3,37810,154,9.5,5.7
443,2019-08-19 05:30:00,95,21,25,10,0,31,0,4,20,22,80,0,3,0,71,20,18,0,0,0,5,2,19,37,2,2019,8,19,UTC,7,1006.2,86,0.7,-1,17,14.5,10090,171,7.3,4.6
444,2019-08-19 06:00:00,102,33,24,6,2,24,0,11,24,16,91,0,5,0,96,29,29,0,0,0,6,4,17,42,5,2019,8,19,UTC,7,1006.2,93,6.7,-1,16,14.9,3110,162,7.8,5.3
445,2019-08-19 06:30:00,91,25,25,11,2,29,0,17,28,13,97,0,10,0,76,50,43,0,0,16,6,7,20,48,4,2019,8,19,UTC,8,1005.9,95,1.9,-1,16,15.2,7540,145,6.8,4
446,2019-08-19 07:00:00,77,24,23,11,0,44,0,29,5,6,82,0,28,0,98,52,32,0,0,7,4,16,13,37,2,2019,8,19,UTC,7,1005.9,94,0.2,-1,16.2,15.2,19120,132,6.9,4.1
447,2019-08-19 07:30:00,54,27,22,31,0,32,0,13,15,21,98,0,29,0,101,67,33,0,0,0,10,19,25,39,4,2019,8,19,UTC,8,1006,93,0,-1,16.3,15.2,24280,137,7.2,4.8
448,2019-08-19 08:00:00,35,34,18,6,0,44,0,6,14,17,101,0,50,0,69,69,48,0,0,2,12,14,13,38,19,2019,8,19,UTC,7,1006,91,0,-1,16.6,15.1,27440,130,5.8,3.7
449,2019-08-19 08:30:00,46,32,23,2,2,23,0,7,41,13,130,0,21,0,64,72,44,0,0,0,12,2,34,41,6,2019,8,19,UTC,7,1005.9,88,0.5,-1,17,15,27760,149,6.8,4
450,2019-08-19 09:00:00,40,48,18,10,0,26,0,4,86,16,122,0,25,0,50,70,59,0,0,1,7,13,24,43,5,2019,8,19,UTC,8,1006.1,87,0,-1,17.4,15.1,8480,184,6.5,3.2
451,2019-08-19 09:30:00,69,54,20,6,0,27,0,7,86,14,112,0,10,0,39,68,82,0,0,2,4,6,30,56,7,2019,8,19,UTC,8,1006.4,94,0,-1,17.3,16.4,13940,188,6.9,3.8
452,2019-08-19 10:00:00,54,42,25,8,3,26,0,6,80,20,118,0,13,0,53,63,79,0,0,0,5,7,22,55,10,2019,8,19,UTC,8,1006.7,95,0,-1,17.7,16.8,6430,219,7.8,5.2
453,2019-08-19 10:30:00,50,44,25,25,2,30,0,8,28,17,121,0,50,0,52,45,71,0,0,7,6,4,30,36,3,2019,8,19,UTC,7,1006.8,91,0,-1,18.5,17.1,16750,222,6.1,4
454,2019-08-19 11:00:00,52,48,22,14,5,43,0,8,52,16,137,0,12,0,64,72,52,0,0,2,6,7,21,49,10,2019,8,19,UTC,1,1007.1,80,0,-1,19.2,15.6,39300,222,8.3,5.5
455,2019-08-19 11:30:00,64,30,17,6,1,30,0,14,19,23,131,0,68,0,69,56,78,0,0,2,7,28,22,38,12,2019,8,19,UTC,1,1007.6,82,0,-1,18.7,15.6,50000,222,6.5,4.2
456,2019-08-19 12:00:00,69,16,17,10,40,27,0,9,27,13,111,0,59,0,66,50,62,0,0,3,7,74,30,51,22,2019,8,19,UTC,1,1008.2,81,0,-1,18.9,15.6,43350,217,6.7,4.2
457,2019-08-19 12:30:00,91,26,15,5,9,26,0,12,45,17,143,0,8,0,93,62,47,0,0,9,5,129,27,49,10,2019,8,19,UTC,1,1008.5,80,0,-1,19.2,15.6,40450,235,7.8,4.3
458,2019-08-19 13:00:00,96,50,18,10,9,32,0,17,61,30,155,0,2,0,103,70,69,0,0,0,5,91,20,44,8,2019,8,19,UTC,0,1008.8,74,0,-1,19.3,14.6,45150,247,9.4,6.2
459,2019-08-19 13:30:00,137,70,12,15,9,33,0,15,7,28,110,0,34,0,86,54,90,0,0,7,4,27,25,47,6,2019,8,19,UTC,3,1009.2,79,0,-1,18.7,15,43770,229,9.4,4.9
460,2019-08-19 14:00:00,132,43,8,13,4,27,0,7,33,25,103,0,32,0,36,67,54,0,0,0,5,3,25,57,3,2019,8,19,UTC,5,1009.7,76,0,-1,18.9,14.6,47100,223,9,4.2
461,2019-08-19 14:30:00,120,43,2,25,12,24,0,10,19,33,111,0,12,0,26,50,97,0,0,0,4,2,25,47,11,2019,8,19,UTC,1,1010.1,73,0,-1,19.2,14.2,39940,239,10.4,5.7
462,2019-08-19 15:00:00,11,31,3,11,10,25,0,9,21,29,96,0,0,0,14,63,68,0,0,0,5,3,40,43,3,2019,8,19,UTC,1,1010.4,70,0,-1,19.5,14,44730,238,8.9,4.8
463,2019-08-19 15:30:00,12,12,8,12,8,38,0,9,6,16,78,0,10,0,7,65,75,0,0,1,8,4,27,40,11,2019,8,19,UTC,0,1010.7,73,0,-1,18.7,13.8,50000,243,8.7,5.4
464,2019-08-19 16:00:00,7,14,3,9,8,29,0,27,20,18,68,0,0,0,11,59,62,0,0,2,4,2,20,36,10,2019,8,19,UTC,1,1011,76,0,-1,18.5,14.2,43920,238,7.4,4.3
465,2019-08-19 16:30:00,6,12,0,4,4,31,0,24,4,15,78,0,5,0,7,40,46,0,0,26,4,0,32,39,7,2019,8,19,UTC,0,1011.3,78,0,-1,18.3,14.4,47130,229,7.9,4.3
466,2019-08-19 17:00:00,39,16,0,5,11,32,0,50,2,23,73,0,4,0,9,37,75,0,0,12,3,0,31,37,9,2019,8,19,UTC,0,1011.6,77,0,-1,18.2,14,46900,229,7.1,4.2
467,2019-08-19 17:30:00,3,8,0,12,0,36,0,19,7,15,69,0,1,0,11,28,56,0,0,1,3,0,18,33,9,2019,8,19,UTC,0,1011.8,80,0,-1,17.5,14,49460,223,6.1,3.8
468,2019-08-19 18:00:00,5,6,0,4,3,30,0,9,2,14,83,0,4,0,7,40,21,0,0,0,5,0,15,34,5,2019,8,19,UTC,0,1012.1,80,0,-1,17.3,13.9,50000,240,7.3,4.5
469,2019-08-19 18:30:00,3,5,2,10,4,24,0,5,4,20,55,0,4,0,8,34,20,0,0,0,5,1,16,16,2,2019,8,19,UTC,0,1012.3,81,0,-1,17.1,13.8,50000,241,5.8,3.7
470,2019-08-19 19:00:00,1,4,2,4,0,29,0,10,6,10,53,0,0,0,22,21,24,0,0,0,5,0,17,25,0,2019,8,19,UTC,0,1012.4,81,0,-1,16.7,13.5,46550,247,6.4,3.8
471,2019-08-19 19:30:00,2,5,3,1,1,28,0,5,5,15,47,0,0,0,6,29,13,0,0,0,5,0,14,21,2,2019,8,19,UTC,0,1012.7,82,0,-1,16.5,13.4,43850,241,5.9,3.8
472,2019-08-19 20:00:00,4,4,0,0,0,65,0,6,7,12,47,0,0,0,4,16,10,0,0,0,8,0,14,20,2,2019,8,19,UTC,0,1013,82,0,-1,16.6,13.5,44750,246,7.7,4.1
473,2019-08-19 20:30:00,3,4,3,3,0,20,0,5,6,13,41,0,0,0,4,17,7,0,0,0,5,0,18,20,2,2019,8,19,UTC,0,1013.3,82,0,-1,16.6,13.5,41270,247,7.3,4
474,2019-08-19 21:00:00,2,4,2,1,0,21,0,4,1,15,57,0,4,0,5,18,1,0,0,0,4,0,13,21,2,2019,8,19,UTC,0,1013.5,82,0,-1,16.4,13.4,35290,245,5.8,3.7
475,2019-08-19 21:30:00,4,4,0,1,0,17,0,4,4,15,33,0,2,0,8,11,2,0,0,0,4,0,12,18,2,2019,8,19,UTC,0,1013.8,82,0,-1,16.3,13.2,37110,246,6.2,3.1
476,2019-08-19 22:00:00,3,7,0,1,0,18,0,4,5,15,45,0,0,0,2,19,1,0,0,0,4,0,10,15,2,2019,8,19,UTC,0,1013.9,83,0,-1,15.9,13.1,34600,234,3.7,2.3
477,2019-08-19 22:30:00,2,3,2,1,0,16,0,2,0,9,46,0,4,0,3,17,1,0,0,0,4,0,9,24,2,2019,8,19,UTC,0,1013.9,87,0,-1,15.7,13.5,32370,229,3.7,2.3
478,2019-08-19 23:00:00,4,4,3,2,0,15,0,4,3,7,45,0,4,0,6,14,0,0,0,0,4,0,13,17,2,2019,8,19,UTC,0,1014,87,0,-1,16.2,14,26330,227,5.2,3
479,2019-08-19 23:30:00,3,4,2,1,0,18,0,4,6,13,47,0,0,0,4,12,1,0,0,0,4,0,14,18,2,2019,8,19,UTC,0,1014,87,0,-1,16.2,14,24050,228,5.2,3.1
