time,0000000006dd41f6,000000000f4919c9,0000000019fb59c4,00000000342570c2,0000000038bf9618,0000000038d83d41,000000004ef3150d,0000000053c6c2be,00000000675d5200,000000006b087f40,000000006b44cce7,0000000074f765a7,000000007b5207b6,0000000096918cfa,00000000a53ed894,00000000aa852af1,00000000afef4555,00000000b33a8357,00000000cd16b8ef,00000000d747f075,00000000e8a064a4,00000000f1124bca,00000000fb7600be,00000000fdda10fe,00000000fffb8cf0
10/8/2019 0:00,3,3,0,8,82,14,0,2,1,14,44,0,4,0,25,4,9,0,0,0,3,0,13,16,2
10/8/2019 0:30,4,0,2,6,54,13,0,2,0,9,49,0,4,0,27,5,4,0,0,0,2,0,9,13,2
10/8/2019 1:00,3,0,0,6,3,18,0,3,6,11,54,0,0,0,26,5,5,0,0,0,1,0,8,17,2
10/8/2019 1:30,3,0,4,5,4,18,0,2,6,4,42,0,0,0,25,7,10,0,0,0,2,0,6,14,2
10/8/2019 2:00,4,0,1,6,2,7,0,3,2,7,41,0,4,0,26,4,13,0,0,0,2,0,9,16,2
10/8/2019 2:30,5,0,3,7,1,8,0,3,1,8,39,0,4,0,26,6,3,0,0,0,2,0,10,17,2
10/8/2019 3:00,3,0,0,6,0,9,0,2,1,3,34,0,4,0,26,7,2,0,0,0,2,0,7,12,2
10/8/2019 3:30,5,0,1,6,0,12,0,3,5,8,43,0,0,3,25,4,3,0,0,0,4,0,8,17,2
10/8/2019 4:00,7,0,1,6,0,11,0,5,8,3,61,0,0,3,23,30,4,0,0,0,2,0,12,10,2
10/8/2019 4:30,92,3,2,9,0,9,0,2,13,3,58,0,1,3,40,28,4,0,0,0,2,0,60,10,2
10/8/2019 5:00,100,0,3,10,2,9,0,4,20,4,67,0,0,2,56,36,3,0,0,0,4,0,52,13,3
10/8/2019 5:30,107,0,1,13,2,6,0,3,29,11,78,0,1,2,51,31,7,0,0,0,2,0,82,16,4
10/8/2019 6:00,117,3,3,26,6,9,0,4,43,17,107,0,2,3,71,29,12,0,0,3,2,0,90,18,6
10/8/2019 6:30,114,7,3,16,5,23,0,22,43,9,116,0,0,14,57,61,20,0,0,18,3,3,92,23,4
10/8/2019 7:00,105,5,5,38,5,23,0,23,57,13,117,0,5,5,38,48,37,0,0,4,4,17,59,13,2
10/8/2019 7:30,74,12,3,29,18,39,0,29,27,19,104,0,46,8,37,64,32,0,0,26,2,29,54,22,12
10/8/2019 8:00,74,21,6,19,8,20,0,49,70,31,122,0,3,0,32,61,72,0,0,18,3,13,55,21,13
10/8/2019 8:30,89,11,5,21,19,23,0,44,73,38,119,0,8,11,14,78,59,0,0,0,8,3,50,25,18
10/8/2019 9:00,80,11,6,6,28,31,0,4,107,27,127,0,15,6,19,84,70,0,0,0,4,10,60,26,32
10/8/2019 9:30,88,17,5,16,23,44,0,3,22,33,140,0,82,11,20,58,56,0,0,0,5,4,68,35,39
10/8/2019 10:00,87,25,3,26,45,43,0,8,94,29,150,0,12,11,31,72,75,0,0,1,4,11,71,36,37
10/8/2019 10:30,74,26,6,14,34,35,0,18,97,32,145,0,10,5,51,72,78,0,0,13,6,15,76,28,39
10/8/2019 11:00,91,21,2,9,43,55,0,10,90,19,162,0,8,9,59,74,81,0,0,7,4,7,85,39,35
10/8/2019 11:30,104,21,2,16,47,44,0,9,70,32,133,0,16,6,41,83,96,0,0,3,5,12,64,46,29
10/8/2019 12:00,102,18,2,20,58,61,0,13,75,28,160,0,10,3,30,64,127,0,0,0,3,49,56,32,19
10/8/2019 12:30,86,11,7,27,59,50,0,11,58,32,129,0,2,16,36,63,101,0,0,7,4,34,19,29,79
10/8/2019 13:00,97,13,17,19,69,60,0,17,48,19,138,0,3,3,36,66,85,0,0,16,4,84,21,32,27
10/8/2019 13:30,105,21,18,16,73,62,0,44,32,23,145,0,6,8,46,51,72,0,0,17,3,9,24,32,12
10/8/2019 14:00,103,19,10,17,43,49,0,48,42,25,107,0,4,10,46,60,93,0,0,47,5,7,28,21,34
10/8/2019 14:30,104,14,24,23,58,31,0,28,20,23,141,0,2,2,42,46,97,0,0,3,5,4,17,26,25
10/8/2019 15:00,97,11,6,14,62,27,0,18,10,21,111,0,2,4,33,51,88,0,0,3,3,2,26,28,19
10/8/2019 15:30,11,10,6,24,59,45,0,9,6,20,82,0,2,4,12,50,85,0,0,3,4,4,24,29,18
10/8/2019 16:00,7,2,1,9,44,29,0,9,5,34,88,0,2,2,15,66,56,0,0,0,2,0,23,34,15
10/8/2019 16:30,4,3,0,17,43,32,0,19,5,33,89,0,3,3,18,45,46,0,0,6,3,0,18,32,25
10/8/2019 17:00,3,2,0,10,59,31,0,21,4,32,78,0,3,3,19,39,29,0,0,8,1,0,22,33,20
10/8/2019 17:30,10,5,0,10,55,22,0,38,5,23,117,0,1,0,12,54,29,0,0,24,2,0,22,42,10
10/8/2019 18:00,5,4,3,9,45,33,0,8,5,15,79,0,3,1,11,46,25,0,0,67,2,0,20,43,8
10/8/2019 18:30,3,4,4,6,73,31,0,8,6,23,91,0,1,0,24,47,17,0,0,0,1,0,19,42,10
10/8/2019 19:00,6,3,4,11,64,23,0,10,5,15,86,0,2,0,20,50,30,0,0,0,2,0,11,40,6
10/8/2019 19:30,1,4,4,8,54,23,0,6,5,14,71,0,2,2,10,27,18,0,0,0,4,0,16,22,4
10/8/2019 20:00,1,2,4,7,80,12,0,6,4,8,68,0,2,0,9,16,15,0,0,0,2,0,13,26,9
10/8/2019 20:30,3,4,2,10,91,17,0,7,2,11,57,0,4,0,8,12,15,0,0,0,2,0,16,16,13
10/8/2019 21:00,0,4,5,6,115,21,0,2,6,15,68,0,2,0,8,15,18,0,0,0,1,0,8,15,4
10/8/2019 21:30,8,7,4,8,145,18,0,3,5,10,43,0,2,0,9,14,19,0,0,0,3,0,13,20,6
10/8/2019 22:00,3,3,4,6,115,19,0,3,4,27,61,0,4,0,11,11,27,0,0,0,1,0,11,20,2
10/8/2019 22:30,3,0,4,4,150,11,0,3,4,6,65,0,4,0,8,10,19,0,0,0,2,0,11,23,6
10/8/2019 23:00,4,1,4,5,134,18,0,2,3,13,57,0,4,0,8,7,50,0,0,0,2,0,12,19,3
10/8/2019 23:30,3,0,3,5,132,7,0,2,6,7,50,0,2,0,11,6,17,0,0,0,2,0,13,20,2
11/8/2019 0:00,2,1,3,4,129,14,0,2,6,4,48,0,2,0,9,8,18,0,0,0,2,0,12,13,2
11/8/2019 0:30,3,0,3,5,101,12,0,2,4,26,48,0,2,0,11,11,13,0,0,0,2,0,10,18,2
11/8/2019 1:00,2,2,1,4,64,10,0,5,4,5,48,0,4,0,10,10,13,0,0,0,1,0,10,13,2
11/8/2019 1:30,3,0,1,4,10,7,0,2,4,11,40,0,4,0,10,9,13,0,0,0,1,0,10,18,2
11/8/2019 2:00,3,1,0,4,6,9,0,3,7,7,31,0,1,0,9,13,17,0,0,0,1,0,11,16,2
11/8/2019 2:30,6,0,1,4,8,8,0,2,3,2,33,0,4,0,9,8,8,0,0,0,2,0,10,20,2
11/8/2019 3:00,3,0,0,4,5,11,0,3,7,2,34,0,1,2,9,9,7,0,0,0,1,0,9,15,2
11/8/2019 3:30,7,4,1,4,3,13,0,2,6,5,35,0,1,1,12,12,6,0,0,0,2,0,9,14,2
11/8/2019 4:00,3,1,0,5,1,10,0,2,3,4,36,0,4,2,10,5,7,0,0,0,2,0,10,14,2
11/8/2019 4:30,2,2,0,4,2,10,0,2,6,3,35,0,1,4,6,11,8,0,0,0,2,0,9,15,2
11/8/2019 5:00,2,0,0,4,1,11,0,2,6,4,41,0,1,0,7,18,7,0,0,0,2,0,11,16,2
11/8/2019 5:30,3,0,13,6,3,17,0,3,4,4,46,0,4,3,10,10,8,0,0,0,3,0,10,14,2
11/8/2019 6:00,8,0,32,4,3,11,0,9,3,8,58,0,4,0,8,16,4,0,0,2,5,0,13,12,2
11/8/2019 6:30,1,2,19,10,4,7,0,42,3,12,76,0,4,2,6,31,16,0,0,14,3,0,19,15,2
11/8/2019 7:00,1,0,25,14,8,11,0,26,6,9,89,0,2,3,15,39,15,0,0,4,2,11,12,21,13
11/8/2019 7:30,2,0,13,6,4,16,0,30,7,12,69,0,3,13,7,39,14,0,0,28,2,40,23,20,8
11/8/2019 8:00,1,16,14,14,6,10,0,41,6,17,78,0,2,8,7,74,67,0,0,7,2,9,11,11,12
11/8/2019 8:30,4,10,5,12,7,13,0,5,4,36,116,0,4,42,8,73,48,0,0,1,2,6,23,21,9
11/8/2019 9:00,6,22,3,11,5,12,0,8,6,27,115,0,4,8,6,40,68,0,0,0,2,5,27,26,15
11/8/2019 9:30,6,38,3,15,3,15,0,4,6,24,103,0,3,20,8,40,73,0,0,2,1,5,19,19,13
11/8/2019 10:00,5,29,14,5,6,17,0,6,5,24,97,0,6,19,6,47,65,0,0,0,2,0,16,21,17
11/8/2019 10:30,2,25,8,5,10,14,0,2,7,27,95,0,3,30,7,60,77,0,0,0,1,5,21,29,2
11/8/2019 11:00,3,42,6,4,5,15,0,2,7,21,109,0,1,10,4,34,89,0,0,0,3,16,22,23,12
11/8/2019 11:30,4,33,9,8,4,11,0,7,6,30,99,0,1,18,4,46,67,0,0,6,4,11,16,23,16
11/8/2019 12:00,2,33,14,2,6,12,0,7,6,23,112,0,1,5,6,45,83,0,0,2,1,58,17,19,16
11/8/2019 12:30,4,27,19,9,4,15,0,5,3,50,117,0,4,6,9,47,73,0,0,6,3,42,16,20,22
11/8/2019 13:00,6,39,10,19,4,15,0,9,6,28,125,0,2,11,10,38,76,0,0,8,0,43,17,28,8
11/8/2019 13:30,9,20,44,16,3,14,0,46,4,33,112,0,2,7,8,52,74,0,0,26,2,20,14,23,15
11/8/2019 14:00,6,10,18,2,7,21,0,55,3,22,105,0,4,17,4,40,79,0,0,27,1,2,19,26,8
11/8/2019 14:30,5,10,13,5,6,14,0,45,2,28,97,0,4,19,6,41,66,0,0,4,2,4,21,29,6
11/8/2019 15:00,5,19,8,7,7,13,0,37,2,24,98,0,4,8,5,46,60,0,0,23,2,2,20,31,7
11/8/2019 15:30,10,4,4,5,4,14,0,66,5,34,90,0,1,6,5,51,22,0,0,12,3,2,21,33,13
11/8/2019 16:00,8,6,3,11,14,13,0,28,4,27,109,0,2,7,6,51,15,0,0,0,2,0,18,31,14
11/8/2019 16:30,6,5,3,10,0,14,0,3,6,23,105,0,0,14,10,30,19,0,0,0,2,0,13,37,2
11/8/2019 17:00,5,6,3,10,2,18,0,4,2,14,72,0,4,16,6,22,16,0,0,0,2,0,16,25,7
11/8/2019 17:30,1,6,2,5,0,11,0,6,1,30,79,0,4,7,6,26,20,0,0,0,2,0,9,22,2
11/8/2019 18:00,1,4,2,4,0,7,0,4,3,15,84,0,2,23,6,25,17,0,0,0,2,0,8,22,4
11/8/2019 18:30,2,4,3,11,1,9,0,3,6,20,107,0,2,8,7,23,8,0,0,0,1,0,7,22,3
11/8/2019 19:00,9,2,4,4,0,8,0,3,6,17,87,0,2,23,4,16,8,0,0,0,2,0,8,16,2
11/8/2019 19:30,0,3,2,4,3,5,0,21,5,14,51,0,1,1,2,11,6,0,0,0,2,0,4,15,2
11/8/2019 20:00,2,2,4,4,0,9,0,3,1,20,61,0,4,0,4,7,5,0,0,0,2,0,6,18,2
11/8/2019 20:30,1,0,4,4,0,9,0,2,4,11,54,0,2,0,2,6,5,0,0,0,1,0,10,13,4
11/8/2019 21:00,1,0,2,4,0,6,0,2,2,17,59,0,3,0,2,7,4,0,0,0,2,0,4,15,2
11/8/2019 21:30,3,0,2,4,0,5,0,3,3,10,51,0,4,0,5,6,6,0,0,2,2,0,2,12,2
11/8/2019 22:00,1,0,4,4,0,8,0,3,5,16,60,0,1,0,3,6,6,0,0,0,2,0,3,14,2
11/8/2019 22:30,3,0,4,4,0,8,0,2,4,13,56,0,3,0,3,10,6,0,0,0,2,0,5,14,2
11/8/2019 23:00,3,0,3,4,0,5,0,2,5,13,50,0,2,0,2,6,3,0,0,0,2,0,3,11,2
11/8/2019 23:30,4,0,4,4,0,6,0,2,0,0,19,0,4,0,2,2,6,0,0,0,2,0,0,0,2
12/8/2019 0:00,4,0,2,1,0,3,0,3,4,10,41,0,3,0,2,5,7,0,0,0,2,0,6,15,2
12/8/2019 0:30,1,0,1,1,0,4,0,2,3,9,41,0,4,0,2,7,4,0,0,0,2,0,5,13,2
12/8/2019 1:00,2,0,0,4,0,8,0,2,4,5,46,0,4,0,2,5,4,0,0,0,2,0,4,10,2
12/8/2019 1:30,4,0,0,2,0,5,0,2,5,4,44,0,2,0,2,7,5,0,0,0,2,0,5,9,2
12/8/2019 2:00,2,0,0,3,0,6,0,2,3,4,39,0,4,0,3,7,5,0,0,0,1,0,5,15,2
12/8/2019 2:30,3,0,0,4,0,4,0,3,2,5,50,0,4,0,2,7,5,0,0,0,2,0,5,15,2
12/8/2019 3:00,3,0,0,2,0,4,0,2,3,5,46,0,4,1,14,7,8,0,0,0,2,1,6,11,3
12/8/2019 3:30,4,3,0,4,0,7,0,3,3,5,55,0,3,2,19,10,7,0,0,0,4,0,11,14,4
12/8/2019 4:00,8,3,3,3,0,5,0,2,7,5,65,0,2,2,146,22,9,0,0,0,1,0,12,16,2
12/8/2019 4:30,80,2,2,3,0,8,0,2,10,13,62,0,2,2,148,14,13,0,0,0,2,5,11,17,2
12/8/2019 5:00,91,7,11,6,0,6,0,8,7,19,69,0,13,2,167,21,14,0,0,0,3,3,11,21,4
12/8/2019 5:30,93,9,14,7,0,25,0,5,24,21,74,0,1,2,156,29,26,0,0,0,10,2,20,24,4
12/8/2019 6:00,79,13,16,19,0,21,0,6,24,24,103,0,11,4,154,37,24,0,0,0,6,1,17,45,3
12/8/2019 6:30,66,12,16,24,0,16,0,24,5,22,106,0,28,29,142,74,40,0,0,24,4,0,24,41,2
12/8/2019 7:00,51,7,15,37,0,0,0,41,9,0,104,0,36,18,128,78,51,0,0,20,7,0,22,39,14
12/8/2019 7:30,59,19,14,25,0,0,0,40,13,0,130,0,50,0,108,89,52,0,0,17,5,0,54,38,4
12/8/2019 8:00,50,17,21,18,0,0,0,8,29,0,125,0,38,19,96,75,52,0,0,0,7,0,24,38,21
12/8/2019 8:30,50,33,24,19,0,0,0,2,38,0,133,0,36,28,127,62,97,0,0,1,8,0,33,37,13
12/8/2019 9:00,61,43,22,22,0,0,0,6,69,0,0,0,22,24,122,81,80,0,0,13,5,0,31,50,30
12/8/2019 9:30,60,47,19,18,0,0,0,4,43,0,0,0,42,20,122,72,75,0,0,1,10,0,36,55,18
12/8/2019 10:00,55,29,23,5,0,0,0,13,49,0,0,0,33,13,143,72,82,0,0,0,7,0,24,55,19
12/8/2019 10:30,0,32,20,9,0,0,0,11,19,0,0,0,62,11,127,70,78,0,0,2,6,0,26,38,28
12/8/2019 11:00,0,18,15,7,0,0,0,9,13,0,0,0,42,8,141,0,83,0,0,13,5,0,22,34,26
12/8/2019 11:30,0,29,32,4,0,0,0,8,36,0,0,0,20,5,159,0,62,0,0,4,6,0,24,45,21
12/8/2019 12:00,0,32,15,11,0,0,0,10,64,0,0,0,7,9,149,0,88,0,0,6,6,0,22,39,24
12/8/2019 12:30,0,35,25,8,0,0,0,10,50,0,0,0,0,13,33,0,58,0,0,12,4,0,19,29,24
12/8/2019 13:00,0,22,26,8,0,0,0,26,39,0,0,0,34,11,19,0,65,0,0,17,8,0,29,34,21
12/8/2019 13:30,0,39,15,0,0,0,0,34,42,0,0,0,2,10,15,0,51,0,0,14,4,0,39,34,17
12/8/2019 14:00,0,29,5,0,0,0,0,6,9,0,0,0,35,7,24,0,86,0,0,3,4,0,20,50,16
12/8/2019 14:30,0,36,6,0,0,0,0,6,9,0,0,0,42,6,24,0,81,0,0,2,3,0,18,41,14
12/8/2019 15:00,0,26,7,0,0,0,0,7,13,0,0,0,27,5,10,0,48,0,0,1,4,0,37,35,21
12/8/2019 15:30,0,25,7,0,0,0,0,8,16,0,0,0,6,0,13,0,80,0,0,0,4,0,24,35,13
12/8/2019 16:00,0,33,9,0,0,0,0,11,9,0,0,0,0,2,10,0,51,0,0,1,1,0,23,43,7
12/8/2019 16:30,6,7,5,6,6,17,0,16,4,12,83,0,6,0,7,52,60,0,0,15,6,1,19,32,12
12/8/2019 17:00,9,2,5,5,5,15,0,25,4,8,71,0,2,2,5,60,44,0,0,10,4,0,14,31,6
12/8/2019 17:30,7,1,8,5,10,14,0,19,5,32,126,0,2,0,9,63,32,0,0,13,4,1,16,28,4
12/8/2019 18:00,9,1,11,8,2,17,0,5,5,23,83,0,1,0,6,56,0,0,0,0,6,0,17,25,7
12/8/2019 18:30,8,3,8,5,4,14,0,7,3,17,78,0,4,2,7,35,0,0,0,0,4,0,6,26,6
12/8/2019 19:00,7,1,4,5,1,18,0,4,5,11,63,0,3,0,9,28,0,0,0,0,4,1,8,21,2
12/8/2019 19:30,3,1,5,5,0,17,0,2,6,4,53,0,0,0,3,23,0,0,0,0,3,1,8,24,2
12/8/2019 20:00,8,0,3,7,0,10,0,3,2,8,57,0,4,0,6,7,0,0,0,0,3,2,6,11,2
12/8/2019 20:30,10,2,3,4,0,10,0,4,2,2,56,0,4,0,6,13,0,0,0,0,2,2,5,15,2
12/8/2019 21:00,5,0,6,4,0,7,0,3,4,6,54,0,2,0,6,18,0,0,0,0,2,0,6,8,2
12/8/2019 21:30,5,0,6,3,4,10,0,2,4,9,65,0,2,0,10,10,0,0,0,0,2,0,6,11,2
12/8/2019 22:00,5,2,6,5,1,9,0,7,6,8,58,0,1,0,10,11,0,0,0,0,2,0,3,11,2
12/8/2019 22:30,8,0,4,5,0,8,0,2,5,5,55,0,1,0,7,6,0,0,0,0,2,0,5,113,2
12/8/2019 23:00,6,0,4,7,0,9,0,2,5,4,63,0,0,0,13,6,0,0,0,0,2,0,7,12,2
12/8/2019 23:30,7,0,5,8,0,7,0,2,3,6,54,0,3,0,9,7,0,0,0,0,2,0,7,6,2
13/8/2019 0:00,7,0,5,5,0,8,0,2,2,3,55,0,4,0,10,6,0,0,0,0,2,0,6,11,2
13/8/2019 0:30,5,0,3,5,0,10,0,3,6,5,65,0,0,0,8,6,0,0,0,0,2,0,4,11,2
13/8/2019 1:00,7,0,4,5,0,7,0,4,6,2,55,0,0,0,11,7,0,0,0,0,2,0,4,11,2
13/8/2019 1:30,6,0,4,5,0,9,0,2,3,3,60,0,4,0,9,8,0,0,0,0,2,0,4,8,2
13/8/2019 2:00,6,0,5,4,0,7,0,2,2,3,47,0,4,0,6,7,0,0,0,0,2,0,4,11,2
13/8/2019 2:30,6,0,6,5,0,7,0,2,2,5,51,0,4,0,10,8,0,0,0,0,2,0,5,12,2
13/8/2019 3:00,5,0,6,7,0,6,0,2,7,4,57,0,1,0,9,9,0,0,0,0,2,0,5,12,2
13/8/2019 3:30,9,1,7,4,0,9,0,2,7,11,54,0,0,0,8,21,0,0,0,0,3,0,8,14,3
13/8/2019 4:00,3,0,5,7,0,7,0,4,5,3,63,0,0,0,9,18,0,0,0,0,2,0,11,14,2
13/8/2019 4:30,10,0,11,5,0,14,0,2,10,14,60,0,1,0,11,17,0,0,0,0,1,2,14,15,2
13/8/2019 5:00,18,2,10,6,1,11,0,7,22,8,66,0,1,0,23,26,0,0,0,0,2,2,14,15,4
13/8/2019 5:30,159,18,16,9,1,24,0,48,29,19,93,0,3,0,25,35,0,0,0,0,7,3,16,39,4
13/8/2019 6:00,133,18,10,4,4,23,0,55,42,29,79,0,5,0,23,61,0,0,0,0,4,1,39,38,3
13/8/2019 6:30,146,27,16,13,3,18,0,75,48,22,101,0,2,23,26,42,0,0,0,28,4,4,72,35,3
13/8/2019 7:00,152,20,18,15,8,25,0,56,45,22,114,0,5,12,25,54,0,0,0,9,2,16,41,29,32
13/8/2019 7:30,123,9,13,21,0,46,0,49,9,14,111,0,57,13,24,67,0,0,0,13,3,33,57,36,10
13/8/2019 8:00,124,18,21,23,3,20,0,37,53,35,102,0,2,0,23,110,0,0,0,2,5,7,61,30,33
13/8/2019 8:30,132,38,18,15,0,24,0,33,9,30,107,0,62,0,34,91,0,0,0,6,7,6,57,53,37
13/8/2019 9:00,125,33,14,40,0,23,0,33,41,33,98,0,59,6,22,71,0,0,0,5,4,7,53,59,40
13/8/2019 9:30,124,42,16,24,15,23,0,31,27,20,126,0,51,10,19,82,0,0,0,0,6,2,35,37,25
13/8/2019 10:00,129,24,19,16,2,25,0,44,66,32,133,0,24,3,23,71,0,0,0,0,4,9,53,43,14
13/8/2019 10:30,138,26,21,21,2,22,0,30,58,24,165,0,17,3,17,63,0,0,0,22,4,12,62,38,5
13/8/2019 11:00,151,42,19,18,9,28,0,31,44,36,147,0,5,19,23,83,0,0,0,0,7,28,59,39,29
13/8/2019 11:30,116,24,20,24,6,30,0,41,15,31,124,0,49,7,24,75,0,0,0,1,5,29,49,36,0
13/8/2019 12:00,159,19,18,35,4,38,0,57,43,20,129,0,15,16,23,91,0,0,0,0,4,59,54,0,0
13/8/2019 12:30,150,23,16,17,13,47,0,52,15,19,110,0,45,19,23,75,0,0,0,5,8,44,31,0,0
13/8/2019 13:00,217,30,13,26,12,27,0,68,40,21,115,0,7,9,27,63,0,0,0,2,6,103,29,0,0
13/8/2019 13:30,207,52,13,38,4,27,0,83,39,29,106,0,5,10,32,61,0,0,0,7,7,12,27,0,0
13/8/2019 14:00,161,36,13,29,9,26,0,73,8,27,106,0,39,9,41,48,0,0,0,5,3,3,29,0,0
13/8/2019 14:30,12,29,12,24,11,34,0,39,13,51,103,0,40,15,9,69,0,0,0,6,0,2,42,0,0
13/8/2019 15:00,9,25,11,22,15,33,0,5,5,26,124,0,22,3,13,51,0,0,0,0,0,2,29,0,0
13/8/2019 15:30,10,17,11,21,18,35,0,5,16,33,90,0,5,0,8,57,0,0,0,0,1,0,21,0,0
13/8/2019 16:00,10,20,11,18,20,41,0,11,12,10,99,0,0,0,16,61,0,0,0,3,2,0,18,0,0
13/8/2019 16:30,11,20,4,15,24,30,0,12,4,17,106,0,2,2,8,38,0,0,0,15,1,2,27,0,0
13/8/2019 17:00,9,24,9,13,22,41,0,10,3,16,92,0,3,2,15,52,0,0,0,9,2,0,31,0,0
13/8/2019 17:30,12,22,10,13,23,27,0,3,4,11,109,0,1,0,10,38,0,0,0,20,1,0,22,0,0
13/8/2019 18:00,14,11,6,6,10,28,0,3,4,12,85,0,1,0,4,55,0,0,0,0,2,0,20,0,0
13/8/2019 18:30,14,22,0,6,8,40,0,4,2,15,93,0,2,0,9,25,0,0,0,0,3,1,19,0,0
13/8/2019 19:00,13,15,0,5,7,35,0,2,1,20,90,0,4,0,6,29,0,0,0,0,4,0,14,0,0
13/8/2019 19:30,12,22,0,4,3,22,0,4,3,10,68,0,1,0,4,22,0,0,0,0,3,0,23,0,0
13/8/2019 20:00,16,14,0,6,4,23,0,2,5,15,54,0,0,0,7,14,0,0,0,0,3,0,15,0,0
13/8/2019 20:30,10,8,0,7,2,31,0,3,4,10,55,0,0,0,9,12,0,0,0,0,4,0,14,0,0
13/8/2019 21:00,32,10,0,5,2,21,0,3,4,10,53,0,1,0,5,9,0,0,0,0,4,0,16,0,0
13/8/2019 21:30,7,8,0,4,2,14,0,2,0,10,55,0,4,0,5,13,0,0,0,0,4,0,15,0,0
13/8/2019 22:00,14,3,0,5,2,15,0,2,3,0,47,0,1,0,5,10,0,0,0,0,2,0,14,0,0
13/8/2019 22:30,13,0,0,4,1,67,0,2,4,0,41,0,0,0,5,8,0,0,0,0,2,0,12,0,0
13/8/2019 23:00,12,0,0,5,2,12,0,3,4,2,44,0,0,0,7,12,0,0,0,0,2,0,18,0,0
13/8/2019 23:30,13,0,0,4,1,11,0,3,2,2,44,0,2,0,5,11,0,0,0,0,2,0,14,0,0
14/8/2019 0:00,12,0,0,5,2,11,0,2,1,2,45,0,4,0,5,9,0,0,0,0,2,0,14,0,0
14/8/2019 0:30,13,0,0,6,2,15,0,2,3,4,44,0,2,0,4,14,0,0,0,0,2,0,15,0,0
14/8/2019 1:00,14,0,0,6,2,8,0,2,3,0,41,0,1,0,6,11,0,0,0,0,2,0,11,0,0
14/8/2019 1:30,11,0,0,5,2,13,0,2,5,1,47,0,0,0,6,9,0,0,0,0,2,0,14,0,0
14/8/2019 2:00,12,0,0,4,2,12,0,2,1,0,50,0,3,0,5,14,0,0,0,0,2,0,11,0,0
14/8/2019 2:30,12,0,0,6,2,13,0,2,0,1,45,0,4,0,5,9,0,0,0,0,2,0,13,0,0
14/8/2019 3:00,15,0,0,4,2,9,0,2,1,2,46,0,4,0,4,10,0,0,0,0,2,0,14,0,0
14/8/2019 3:30,12,2,0,6,1,13,0,2,7,2,44,0,0,0,6,11,0,0,0,0,1,0,13,0,0
14/8/2019 4:00,13,1,0,4,6,12,0,6,6,4,53,0,1,0,7,21,0,0,0,0,3,0,21,0,0
14/8/2019 4:30,13,0,0,4,2,15,0,5,4,8,71,0,7,0,8,20,0,0,0,0,0,2,15,0,0
14/8/2019 5:00,13,10,0,6,4,16,0,5,17,32,62,0,3,0,6,19,0,0,0,0,1,2,59,0,0
14/8/2019 5:30,8,21,0,5,5,19,0,3,4,19,69,0,24,0,7,22,0,0,0,0,2,2,47,0,0
14/8/2019 6:00,11,27,0,4,4,17,0,5,5,9,83,0,29,0,10,30,0,0,0,0,0,2,64,0,0
14/8/2019 6:30,13,9,0,20,5,19,0,45,15,22,96,0,21,22,12,68,0,0,0,17,2,12,45,0,0
14/8/2019 7:00,53,18,0,9,2,18,0,26,4,10,91,0,41,11,78,29,0,0,0,22,2,7,75,0,0
14/8/2019 7:30,198,10,0,14,2,17,0,32,38,17,93,0,4,6,130,62,0,0,0,13,16,42,42,0,0
14/8/2019 8:00,232,33,0,12,2,17,0,5,29,20,118,0,42,6,148,66,0,0,0,4,16,6,46,0,0
14/8/2019 8:30,171,25,0,12,5,26,0,9,69,23,108,0,11,8,114,69,0,0,0,1,16,10,58,0,0
14/8/2019 9:00,259,31,0,24,3,34,0,14,59,18,147,0,25,15,81,86,0,0,0,2,18,7,67,0,0
14/8/2019 9:30,245,42,0,6,4,35,0,2,96,24,143,0,19,19,105,61,0,0,0,0,13,5,43,0,0
14/8/2019 10:00,260,36,0,19,7,24,0,7,9,31,140,0,77,15,89,76,0,0,0,2,18,9,52,0,0
14/8/2019 10:30,255,18,0,11,13,27,0,9,32,33,149,0,39,10,78,83,0,0,0,12,15,8,43,0,0
14/8/2019 11:00,271,27,0,4,19,20,0,8,67,27,155,0,8,6,64,72,0,0,0,3,19,13,52,0,0
14/8/2019 11:30,207,33,0,14,10,31,0,15,70,30,135,0,20,11,58,70,0,0,0,4,22,33,42,0,0
14/8/2019 12:00,274,18,0,10,15,26,0,15,46,14,130,0,16,5,87,69,0,0,0,15,23,72,54,0,0
14/8/2019 12:30,249,33,0,15,11,29,0,15,22,25,138,0,16,12,114,74,0,0,0,18,23,36,0,0,0
14/8/2019 13:00,240,47,0,8,11,20,0,21,9,37,105,0,37,8,81,57,0,0,0,7,15,75,0,0,0
14/8/2019 13:30,223,61,0,23,5,26,0,19,5,20,104,0,43,5,91,63,0,0,0,6,0,14,0,0,0
14/8/2019 14:00,224,52,0,16,15,25,0,22,29,33,123,0,5,2,108,52,0,0,0,9,0,7,0,0,0
14/8/2019 14:30,241,53,0,10,17,23,0,10,26,39,110,0,36,10,67,45,0,0,0,0,0,0,0,0,0
14/8/2019 15:00,8,44,0,10,9,23,0,3,28,32,101,0,1,0,11,68,0,0,0,0,0,0,0,0,0
14/8/2019 15:30,5,54,0,9,10,28,0,10,26,32,78,0,0,3,14,36,0,0,0,0,0,0,0,0,0
14/8/2019 16:00,9,35,0,8,8,27,0,22,5,27,107,0,3,0,20,34,0,0,0,5,0,0,0,0,0
14/8/2019 16:30,10,29,0,9,8,19,0,26,1,24,86,0,6,0,16,30,0,0,0,29,0,0,0,0,0
14/8/2019 17:00,8,22,0,11,17,20,0,30,6,23,116,0,0,0,16,41,0,0,0,14,0,2,0,0,0
14/8/2019 17:30,7,11,0,6,12,27,0,8,5,16,104,0,0,0,13,47,0,0,0,15,0,0,0,0,0
14/8/2019 18:00,8,15,0,18,1,20,0,5,0,16,74,0,4,0,13,19,0,0,0,0,0,0,0,0,0
14/8/2019 18:30,11,17,0,6,5,30,0,12,1,22,76,0,4,0,19,17,0,0,0,0,0,0,0,0,0
14/8/2019 19:00,6,13,0,5,5,26,0,8,3,20,75,0,2,1,8,21,0,0,0,0,0,0,0,0,0
14/8/2019 19:30,2,10,0,5,3,22,0,6,6,7,80,0,0,0,7,13,0,0,0,0,0,0,0,0,0
14/8/2019 20:00,3,13,0,5,3,14,0,4,4,8,81,0,2,0,6,6,0,0,0,0,0,0,0,0,0
14/8/2019 20:30,3,7,0,6,0,16,0,4,2,16,85,0,4,0,7,10,0,0,0,0,0,0,0,0,0
14/8/2019 21:00,5,9,0,4,0,18,0,5,2,24,57,0,4,0,6,5,0,0,0,0,0,0,0,0,0
14/8/2019 21:30,6,3,0,6,0,13,0,6,3,8,64,0,2,0,5,8,0,0,0,0,0,0,0,0,0
14/8/2019 22:00,6,0,0,6,1,16,0,5,3,6,71,0,3,0,4,4,0,0,0,0,0,0,0,0,0
14/8/2019 22:30,6,2,0,5,0,11,0,4,2,5,64,0,4,0,5,4,0,0,0,0,0,0,0,0,0
14/8/2019 23:00,5,1,0,4,0,11,0,5,1,6,60,0,4,0,5,4,0,0,0,0,0,0,0,0,0
14/8/2019 23:30,8,0,0,5,0,11,0,4,2,6,68,0,4,0,2,5,0,0,0,0,0,0,0,0,0
15/8/2019 0:00,6,0,0,5,0,12,0,6,3,5,66,0,2,0,3,9,0,0,0,0,0,0,0,0,0
15/8/2019 0:30,8,0,0,4,0,13,0,4,2,6,58,0,4,0,3,5,0,0,0,0,0,0,0,0,0
15/8/2019 1:00,6,0,0,5,0,14,0,6,6,8,64,0,0,0,2,5,0,0,0,0,0,0,0,0,0
15/8/2019 1:30,9,0,0,5,0,15,0,5,6,4,58,0,0,0,2,6,0,0,0,0,0,0,0,0,0
15/8/2019 2:00,6,0,0,5,0,13,0,4,6,6,49,0,0,0,5,6,0,0,0,0,0,0,0,0,0
15/8/2019 2:30,87,0,0,6,0,16,0,5,4,7,58,0,2,0,29,6,0,0,0,0,0,0,0,0,0
15/8/2019 3:00,164,4,0,6,0,15,0,7,7,6,64,0,0,0,30,6,0,0,0,0,0,0,0,0,0
15/8/2019 3:30,147,0,0,6,0,14,0,6,6,6,61,0,0,0,58,9,0,0,0,0,0,0,0,0,0
15/8/2019 4:00,126,1,0,5,1,15,0,4,4,11,75,0,6,0,62,15,0,0,0,0,0,0,0,0,0
15/8/2019 4:30,145,6,0,7,0,11,0,5,4,10,81,0,7,0,92,37,0,0,0,0,0,2,0,0,0
15/8/2019 5:00,144,1,0,7,3,10,0,8,3,25,84,0,14,0,65,57,0,0,0,0,0,2,0,0,0
15/8/2019 5:30,163,12,0,9,2,14,0,3,1,20,98,0,18,0,116,52,0,0,0,0,0,1,0,0,0
15/8/2019 6:00,154,25,0,26,4,30,0,13,22,18,90,0,8,1,121,63,0,0,0,0,0,4,0,0,0
15/8/2019 6:30,144,23,0,20,5,29,0,21,44,17,111,0,9,18,133,70,0,0,0,21,0,4,0,0,0
15/8/2019 7:00,140,31,0,37,2,23,0,30,13,20,111,0,33,30,105,73,0,0,0,14,0,26,0,0,0
15/8/2019 7:30,128,41,0,26,8,34,0,27,44,22,109,0,4,25,76,93,0,0,0,0,0,0,0,0,0
15/8/2019 8:00,118,59,0,15,6,23,0,6,54,20,131,0,8,24,83,71,0,0,0,2,0,0,0,0,0
15/8/2019 8:30,133,45,0,22,0,16,0,12,62,28,90,0,4,20,71,93,0,0,0,0,0,2,0,0,0
15/8/2019 9:00,107,49,0,23,15,19,0,7,32,30,121,0,60,26,39,93,0,0,0,0,0,9,0,0,0
15/8/2019 9:30,120,43,0,19,10,19,0,5,76,34,138,0,16,19,34,102,0,0,0,0,0,0,0,0,0
15/8/2019 10:00,142,25,0,13,6,11,0,16,82,51,143,0,13,7,68,97,0,0,0,2,0,8,0,0,0
15/8/2019 10:30,122,20,0,19,5,32,0,11,45,30,131,0,44,29,83,101,0,0,0,2,0,9,0,0,0
15/8/2019 11:00,133,20,0,13,20,13,0,18,23,27,157,0,55,25,94,78,0,0,0,4,0,13,0,0,0
15/8/2019 11:30,105,28,0,26,13,27,0,6,47,32,126,0,14,20,102,78,0,0,0,0,0,17,0,0,0
15/8/2019 12:00,138,24,0,25,5,33,0,13,66,32,128,0,8,15,150,106,0,0,0,7,0,58,0,0,0
15/8/2019 12:30,135,20,0,13,3,29,0,20,45,38,116,0,2,9,148,79,0,0,0,25,0,54,0,0,0
15/8/2019 13:00,146,27,0,13,3,32,0,18,61,33,137,0,8,8,139,91,0,0,0,1,0,38,0,0,0
15/8/2019 13:30,150,32,0,8,11,22,0,22,19,37,124,0,45,9,52,76,0,0,0,24,0,28,0,0,0
15/8/2019 14:00,60,41,0,20,18,31,0,17,12,28,151,0,31,6,53,71,0,0,0,2,0,1,0,0,0
15/8/2019 14:30,2,38,0,7,16,33,0,9,26,17,140,0,4,13,22,85,0,0,0,10,0,1,0,0,0
15/8/2019 15:00,8,35,0,4,14,26,0,9,34,32,145,0,7,8,14,82,0,0,0,0,0,0,0,0,0
15/8/2019 15:30,7,32,0,7,15,25,0,15,15,53,116,0,19,2,14,105,0,0,0,5,0,1,0,0,0
15/8/2019 16:00,30,50,0,10,20,42,0,11,16,44,126,0,2,0,19,106,0,0,0,0,0,0,0,0,0
15/8/2019 16:30,7,58,0,6,28,38,0,4,7,38,135,0,5,6,7,96,0,0,0,18,0,1,0,0,0
15/8/2019 17:00,7,29,0,10,15,25,0,18,2,50,137,0,4,2,9,60,0,0,0,8,0,0,0,0,0
15/8/2019 17:30,4,38,0,7,25,26,0,26,4,36,169,0,0,2,11,75,0,0,0,1,0,0,0,0,0
15/8/2019 18:00,8,42,0,4,20,26,0,3,4,19,136,0,1,3,12,79,0,0,0,0,0,0,0,0,0
15/8/2019 18:30,6,54,0,5,14,26,0,3,2,30,157,0,4,0,14,73,0,0,0,0,0,0,0,0,0
15/8/2019 19:00,5,36,0,4,12,28,0,4,2,27,148,0,4,0,9,84,0,0,0,5,0,0,0,0,0
15/8/2019 19:30,5,7,0,7,9,20,0,2,4,22,86,0,2,0,6,55,0,0,0,0,0,1,0,0,0
15/8/2019 20:00,5,3,0,4,6,25,0,2,5,21,68,0,0,1,6,35,0,0,0,0,0,0,0,0,0
15/8/2019 20:30,8,8,0,6,5,26,0,2,4,18,70,0,4,2,6,26,0,0,0,0,0,0,0,0,0
15/8/2019 21:00,9,11,0,5,2,18,0,2,2,10,60,0,4,0,7,41,0,0,0,0,0,0,0,0,0
15/8/2019 21:30,8,0,0,4,1,21,0,7,2,21,53,0,4,0,7,11,0,0,0,0,0,2,0,0,0
15/8/2019 22:00,11,0,0,4,0,28,0,2,3,9,52,0,3,0,8,15,0,0,0,0,0,1,0,0,0
15/8/2019 22:30,10,0,0,4,0,25,0,3,3,9,49,0,2,1,9,18,0,0,0,0,0,3,0,0,0
15/8/2019 23:00,12,0,0,4,0,23,0,3,1,12,51,0,4,0,6,13,0,0,0,0,0,2,0,0,0
15/8/2019 23:30,11,0,0,4,0,29,0,3,1,8,46,0,4,0,7,9,0,0,0,0,0,2,0,0,0
16/8/2019 0:00,7,0,0,5,0,22,0,4,5,3,65,0,0,0,7,11,0,0,0,0,0,0,0,0,0
16/8/2019 0:30,11,0,0,4,0,23,0,5,5,5,35,0,1,0,6,8,0,0,0,0,0,2,0,0,0
16/8/2019 1:00,9,0,0,5,0,21,0,2,6,4,37,0,0,0,7,8,0,0,0,0,0,2,0,0,0
16/8/2019 1:30,13,0,0,6,0,25,0,2,6,2,44,0,0,0,7,8,0,0,0,0,0,2,0,0,0
16/8/2019 2:00,8,0,0,6,0,19,0,5,6,2,42,0,0,0,6,8,0,0,0,0,0,2,0,0,0
16/8/2019 2:30,11,0,0,5,0,18,0,4,6,2,41,0,0,0,6,8,0,0,0,0,0,0,0,0,0
16/8/2019 3:00,9,0,0,5,2,21,0,6,2,8,35,0,4,0,8,11,0,0,0,0,0,1,0,0,0
16/8/2019 3:30,11,0,0,5,0,22,0,16,6,8,39,0,0,0,156,11,0,0,0,0,0,1,0,0,0
16/8/2019 4:00,15,0,0,4,0,20,0,27,8,16,46,0,0,0,147,10,0,0,0,8,0,1,0,0,0
16/8/2019 4:30,50,4,0,5,0,24,0,6,3,16,56,0,8,0,143,16,0,0,0,31,0,0,0,0,0
16/8/2019 5:00,88,8,0,13,2,30,0,4,19,25,75,0,0,0,148,47,0,0,0,0,0,2,0,0,0
16/8/2019 5:30,92,23,0,18,0,25,0,3,6,35,68,0,25,0,102,28,0,0,0,3,0,5,0,0,0
16/8/2019 6:00,107,18,0,16,2,35,0,4,27,28,95,0,3,5,126,49,0,0,0,2,0,2,0,0,0
16/8/2019 6:30,103,25,0,16,1,27,0,6,41,28,83,0,3,16,122,95,0,0,0,0,0,3,0,0,0
16/8/2019 7:00,64,13,0,13,2,23,0,3,24,19,120,0,12,8,149,76,0,0,0,4,0,5,0,0,0
16/8/2019 7:30,57,32,0,27,4,46,0,18,28,16,139,0,20,17,88,94,0,0,0,10,0,52,0,0,0
16/8/2019 8:00,64,45,0,50,4,32,0,16,58,31,144,0,5,26,86,105,0,0,0,0,0,11,0,0,0
16/8/2019 8:30,48,32,0,21,3,35,0,6,65,35,161,0,16,41,88,79,0,0,0,0,0,13,0,0,0
16/8/2019 9:00,22,38,0,23,2,26,0,15,89,37,130,0,25,24,91,79,0,0,0,0,0,10,0,0,0
16/8/2019 9:30,28,49,0,22,6,23,0,16,75,55,152,0,10,0,94,91,0,0,0,4,0,10,0,0,0
16/8/2019 10:00,44,52,0,16,8,40,0,22,65,40,173,0,5,0,122,89,0,0,0,2,0,8,0,0,0
16/8/2019 10:30,68,30,0,14,2,29,0,42,65,37,170,0,12,0,130,76,0,0,0,24,0,11,0,0,0
16/8/2019 11:00,83,34,0,24,4,33,0,30,61,44,106,0,5,0,142,64,0,0,0,36,0,10,0,0,0
16/8/2019 11:30,74,16,0,24,11,26,0,10,82,34,137,0,12,0,154,57,0,0,0,5,0,6,0,0,0
16/8/2019 12:00,113,26,0,15,2,33,0,7,59,37,119,0,20,0,141,63,0,0,0,6,0,65,0,0,0
16/8/2019 12:30,97,29,0,6,9,37,0,11,63,24,114,0,7,0,31,67,0,0,0,11,0,49,0,0,0
16/8/2019 13:00,108,24,0,9,16,30,0,14,50,43,145,0,6,0,28,57,0,0,0,5,0,76,0,0,0
16/8/2019 13:30,121,24,0,11,12,48,0,12,39,37,99,0,11,0,31,58,0,0,0,2,0,5,0,0,0
16/8/2019 14:00,83,45,0,10,9,53,0,6,9,34,114,0,34,0,34,82,0,0,0,1,0,6,0,0,0
16/8/2019 14:30,6,44,0,7,12,44,0,3,21,24,108,0,35,0,27,46,0,0,0,0,0,2,0,0,0
16/8/2019 15:00,4,31,0,9,22,46,0,6,29,19,89,0,2,0,22,46,0,0,0,0,0,6,0,0,0
16/8/2019 15:30,6,10,0,11,22,36,0,6,19,34,89,0,3,0,18,41,0,0,0,1,0,2,0,0,0
16/8/2019 16:00,12,3,0,7,39,26,0,11,12,33,126,0,5,0,20,42,0,0,0,0,0,2,0,0,0
16/8/2019 16:30,5,42,0,22,29,32,0,13,8,26,108,0,2,0,22,45,0,0,0,5,0,0,0,0,0
16/8/2019 17:00,4,30,0,7,45,23,0,5,7,20,84,0,0,0,20,39,0,0,0,47,0,0,0,0,0
16/8/2019 17:30,5,16,0,8,38,27,0,32,5,29,96,0,0,0,17,47,0,0,0,7,0,1,0,0,0
16/8/2019 18:00,4,18,10,11,28,34,0,12,2,28,92,0,3,0,18,34,37,0,0,38,12,0,52,43,7
16/8/2019 18:30,8,15,11,6,39,15,0,5,4,15,96,0,0,0,12,31,26,0,0,0,36,0,38,43,10
16/8/2019 19:00,1,5,12,10,29,26,0,5,6,26,82,0,0,0,17,34,33,0,0,5,4,0,46,31,5
16/8/2019 19:30,4,4,14,4,28,19,0,2,3,20,66,0,2,0,11,24,19,0,0,1,4,1,48,27,5
16/8/2019 20:00,7,11,11,11,37,19,0,3,4,22,80,0,2,0,14,22,23,0,0,0,6,0,44,39,3
16/8/2019 20:30,5,2,13,8,39,11,0,4,7,30,68,0,0,0,11,12,11,0,0,0,5,1,39,36,6
16/8/2019 21:00,4,4,12,5,56,22,0,3,5,21,62,0,0,0,15,12,10,0,0,1,6,0,30,33,4
16/8/2019 21:30,4,4,13,4,67,14,0,3,0,17,52,0,6,0,10,10,15,0,0,0,5,0,39,32,8
16/8/2019 22:00,3,4,10,4,83,14,0,6,4,17,58,0,2,0,10,17,11,0,0,0,4,0,50,36,4
16/8/2019 22:30,4,2,9,4,86,20,0,3,6,14,48,0,0,0,10,8,10,0,0,0,4,0,47,22,2
16/8/2019 23:00,4,2,11,4,79,10,0,3,5,21,51,0,1,0,11,7,13,0,0,0,4,1,34,31,2
16/8/2019 23:30,3,1,8,4,82,14,0,5,3,8,44,0,3,0,13,10,12,0,0,0,3,0,41,35,2
17/8/2019 0:00,8,0,13,4,57,11,0,3,6,24,53,0,0,0,10,4,7,0,0,0,4,0,37,26,2
17/8/2019 0:30,4,0,10,4,45,10,0,4,6,22,41,0,0,0,10,5,4,0,0,0,4,0,29,26,2
17/8/2019 1:00,3,0,12,4,1,9,0,2,0,20,49,0,5,0,10,3,5,0,0,0,6,0,45,18,2
17/8/2019 1:30,3,0,8,5,0,13,0,3,4,20,47,0,2,0,9,4,7,0,0,0,5,0,39,19,2
17/8/2019 2:00,4,0,8,4,3,6,0,4,1,19,51,0,4,0,9,7,6,0,0,0,4,0,44,16,2
17/8/2019 2:30,3,0,9,4,4,8,0,3,1,15,43,0,5,0,10,4,8,0,0,0,4,0,49,15,2
17/8/2019 3:00,3,0,11,4,1,8,0,3,5,15,29,0,0,0,10,3,8,0,0,0,4,0,42,17,2
17/8/2019 3:30,4,0,9,4,1,9,0,2,4,17,47,0,5,0,10,6,8,0,0,0,4,0,45,15,2
17/8/2019 4:00,5,0,8,4,1,9,0,2,2,21,50,0,6,0,12,2,6,0,0,0,4,0,35,15,2
17/8/2019 4:30,2,0,8,4,1,10,0,2,15,20,54,0,2,0,10,5,8,0,0,0,4,0,42,18,2
17/8/2019 5:00,11,0,7,6,5,7,0,3,24,10,70,0,0,0,11,7,7,0,0,0,4,0,48,15,2
17/8/2019 5:30,45,0,11,7,0,11,0,9,23,15,55,0,17,0,14,14,8,0,0,0,3,0,40,16,4
17/8/2019 6:00,51,0,8,9,3,10,0,8,37,14,77,0,6,0,10,19,18,0,0,1,4,0,42,18,2
17/8/2019 6:30,48,0,15,23,6,15,0,23,68,15,91,0,5,0,11,22,16,0,0,0,4,2,41,18,6
17/8/2019 7:00,44,3,26,25,3,19,0,39,17,25,93,0,43,0,13,34,45,0,0,16,6,4,52,25,2
17/8/2019 7:30,18,11,16,16,10,22,0,19,41,25,121,0,29,0,10,54,33,0,0,33,9,44,36,20,23
17/8/2019 8:00,30,37,9,17,13,36,0,8,37,20,111,0,52,0,16,61,60,0,0,4,6,8,50,23,5
17/8/2019 8:30,36,20,10,27,16,21,0,4,90,34,90,0,25,0,16,59,75,0,0,7,4,3,67,25,46
17/8/2019 9:00,26,14,8,19,4,22,0,11,29,29,131,0,70,0,16,73,87,0,0,0,4,1,57,33,14
17/8/2019 9:30,40,12,2,21,16,24,0,12,0,23,138,0,91,0,20,74,93,0,0,0,4,14,48,29,27
17/8/2019 10:00,32,16,7,21,25,27,0,14,0,35,142,0,87,0,17,56,96,0,0,2,6,8,41,31,48
17/8/2019 10:30,39,25,4,17,29,23,0,9,0,24,117,0,87,0,17,63,75,0,0,21,4,8,45,39,23
17/8/2019 11:00,47,41,8,17,36,31,0,7,0,36,138,0,65,0,23,90,99,0,0,4,4,26,19,31,47
17/8/2019 11:30,61,38,0,21,56,24,0,18,0,20,119,0,52,0,17,53,111,0,0,4,5,31,23,41,42
17/8/2019 12:00,49,33,7,16,37,20,0,6,0,15,162,0,67,0,17,49,96,0,0,14,8,53,28,34,29
17/8/2019 12:30,63,41,8,19,45,21,0,14,0,29,94,0,54,0,21,53,99,0,0,20,5,48,28,31,26
17/8/2019 13:00,37,43,13,19,56,41,0,32,0,23,128,0,55,0,16,64,102,0,0,1,7,55,32,29,23
17/8/2019 13:30,37,33,15,13,51,34,0,31,0,24,136,0,35,0,22,57,111,0,0,18,6,10,28,39,28
17/8/2019 14:00,54,31,17,28,50,16,0,11,0,28,116,0,32,0,22,65,93,0,0,6,6,2,26,33,35
17/8/2019 14:30,61,16,28,14,38,23,0,10,0,23,148,0,25,0,17,61,84,0,0,3,7,0,13,48,45
17/8/2019 15:00,53,10,9,15,49,45,0,10,0,27,106,0,16,0,21,53,91,0,0,7,6,1,22,26,16
17/8/2019 15:30,44,13,9,10,64,22,0,16,0,29,98,0,6,0,30,59,81,0,0,2,10,1,13,30,37
17/8/2019 16:00,53,18,10,9,61,32,0,33,0,30,104,0,5,0,21,53,77,0,0,1,4,0,32,29,39
17/8/2019 16:30,41,17,7,7,70,17,0,44,0,24,135,0,5,0,16,45,42,0,0,25,5,0,22,36,34
17/8/2019 17:00,6,6,14,14,67,30,0,58,0,24,108,0,4,0,24,55,48,0,0,6,4,0,29,30,18
17/8/2019 17:30,5,7,16,17,66,20,0,12,0,23,99,0,4,0,18,54,23,0,0,2,7,0,32,46,24
17/8/2019 18:00,6,0,11,7,62,20,0,10,0,19,94,0,4,0,17,35,43,0,0,1,4,0,27,45,13
17/8/2019 18:30,4,4,7,8,85,20,0,5,0,20,94,0,4,0,16,46,39,0,0,0,6,0,20,49,19
17/8/2019 19:00,6,4,2,4,59,26,0,5,0,26,89,0,4,0,10,29,30,0,0,5,5,0,22,40,4
17/8/2019 19:30,2,2,4,5,61,24,0,3,0,19,86,0,4,0,10,31,25,0,0,0,5,0,17,41,6
17/8/2019 20:00,7,0,2,14,93,40,0,0,0,17,67,0,4,0,10,29,18,0,0,0,6,0,17,45,5
17/8/2019 20:30,3,3,0,4,95,30,0,0,0,20,60,0,3,0,10,11,21,0,0,0,6,0,17,41,11
17/8/2019 21:00,3,2,0,5,114,20,0,1,0,20,64,0,4,0,10,8,25,0,0,0,6,0,19,34,6
17/8/2019 21:30,6,0,3,4,124,18,0,7,0,17,47,0,4,0,8,12,14,0,0,0,6,0,22,36,13
17/8/2019 22:00,1,1,1,4,109,17,0,2,0,17,86,0,4,0,13,5,14,0,0,0,4,0,20,39,9
17/8/2019 22:30,2,4,0,4,119,16,0,0,0,21,41,0,3,0,12,4,17,0,0,0,6,0,17,26,2
17/8/2019 23:00,3,0,1,4,85,22,0,1,0,31,39,0,3,0,10,6,14,0,0,2,6,0,17,35,2
17/8/2019 23:30,4,2,0,4,85,16,0,2,0,11,37,0,4,0,10,6,12,0,0,0,4,1,14,41,2
18/8/2019 0:00,4,0,2,4,55,15,0,0,0,21,43,0,4,0,11,11,11,0,0,0,7,0,18,22,2
18/8/2019 0:30,5,0,0,4,40,11,0,2,0,14,44,0,4,0,10,8,17,0,0,0,5,0,20,27,2
18/8/2019 1:00,4,1,1,4,30,21,0,2,0,19,41,0,4,0,10,12,8,0,0,0,4,0,13,21,2
18/8/2019 1:30,5,0,2,4,5,17,0,3,0,11,40,0,3,0,11,6,16,0,0,0,4,0,10,18,2
18/8/2019 2:00,5,0,0,4,7,18,0,3,0,6,43,0,4,0,10,4,8,0,0,0,5,0,14,17,2
18/8/2019 2:30,5,0,2,4,3,16,0,2,0,5,39,0,4,0,10,3,4,0,0,0,5,0,13,12,2
18/8/2019 3:00,4,0,2,4,4,12,0,2,0,7,32,0,4,0,10,2,4,0,0,0,5,0,17,14,2
18/8/2019 3:30,2,2,0,4,4,16,0,1,0,8,33,0,4,0,20,2,2,0,0,0,5,0,14,13,2
18/8/2019 4:00,3,0,0,4,3,13,0,0,0,8,37,0,5,0,116,7,2,0,0,0,4,0,16,14,2
18/8/2019 4:30,1,0,0,9,3,11,0,2,0,10,54,0,4,0,152,5,6,0,0,0,4,0,18,11,2
18/8/2019 5:00,59,0,0,7,2,16,0,3,0,11,76,0,4,0,133,6,3,0,0,0,3,0,16,18,5
18/8/2019 5:30,73,1,0,4,2,18,0,8,0,12,68,0,4,0,124,20,2,0,0,0,5,0,16,15,4
18/8/2019 6:00,89,0,1,10,4,10,0,8,0,12,90,0,4,0,150,32,0,0,0,2,5,1,20,20,5
18/8/2019 6:30,84,2,0,21,5,22,0,19,0,9,123,0,4,0,119,32,10,0,0,24,10,1,20,16,4
18/8/2019 7:00,79,2,6,17,1,23,0,26,0,22,89,0,3,0,132,59,9,0,0,6,23,14,9,23,6
18/8/2019 7:30,70,6,0,10,5,27,0,28,0,19,131,0,4,0,75,75,28,0,0,3,89,91,21,26,7
18/8/2019 8:00,71,29,1,19,11,40,0,8,0,18,149,0,5,0,68,73,71,0,0,7,110,15,21,17,10
18/8/2019 8:30,44,25,1,37,4,35,0,7,0,29,131,0,3,0,80,68,57,0,0,3,62,3,25,19,8
18/8/2019 9:00,47,17,1,39,4,39,0,10,0,36,146,0,4,0,64,70,76,0,0,1,20,4,18,30,36
18/8/2019 9:30,54,24,2,26,11,28,0,10,0,24,144,0,4,0,95,89,54,0,0,3,29,1,21,31,35
18/8/2019 10:00,63,19,2,20,11,31,0,12,0,19,142,0,4,0,114,56,94,0,0,0,18,4,24,31,21
18/8/2019 10:30,39,42,0,20,9,35,0,6,0,26,127,0,6,0,151,55,92,0,0,1,19,2,26,35,38
18/8/2019 11:00,52,35,0,20,16,35,0,23,0,20,139,0,4,0,142,44,81,0,0,26,19,10,23,26,23
18/8/2019 11:30,91,48,0,25,8,40,0,5,0,40,133,0,5,0,124,49,92,0,0,6,50,15,38,43,16
18/8/2019 12:00,98,17,1,11,18,48,0,11,0,28,139,0,4,0,142,60,75,0,0,6,60,40,28,30,10
18/8/2019 12:30,109,18,0,12,17,33,0,7,0,27,151,0,4,0,27,49,75,0,0,14,69,40,29,37,31
18/8/2019 13:00,109,11,15,10,17,25,0,33,0,34,169,0,4,0,32,42,80,0,0,10,69,44,35,35,26
18/8/2019 13:30,91,26,16,20,28,25,0,13,0,22,126,0,4,0,26,38,70,0,0,6,57,17,26,31,27
18/8/2019 14:00,13,21,3,22,28,31,0,9,0,17,118,0,4,0,15,53,81,0,0,6,67,4,28,36,8
18/8/2019 14:30,11,14,6,12,25,20,0,23,0,32,87,0,4,0,13,76,92,0,0,2,85,2,29,38,13
18/8/2019 15:00,13,15,8,16,16,32,0,33,0,26,96,0,4,0,17,55,68,0,0,25,75,2,26,22,4
18/8/2019 15:30,17,9,6,5,10,33,0,44,0,11,113,0,4,0,20,55,29,0,0,6,43,2,22,32,9
18/8/2019 16:00,23,6,2,8,16,43,0,15,0,16,93,0,4,0,21,45,20,0,0,1,45,0,22,29,9
18/8/2019 16:30,7,8,1,10,15,32,0,5,0,19,95,0,4,0,21,45,37,0,0,0,4,0,25,29,4
18/8/2019 17:00,49,5,0,9,10,35,0,4,0,21,100,0,6,0,17,39,16,0,0,0,4,0,20,28,7
18/8/2019 17:30,10,4,4,9,7,34,0,3,0,23,104,0,4,0,17,30,16,0,0,0,4,0,25,32,2
18/8/2019 18:00,12,0,1,8,5,33,0,6,0,27,105,0,4,0,19,46,7,0,0,0,4,0,17,25,5
18/8/2019 18:30,12,0,0,6,0,29,0,5,0,16,77,0,4,0,21,27,11,0,0,1,3,0,18,22,3
18/8/2019 19:00,15,0,4,7,3,27,0,6,0,9,71,0,4,0,18,33,8,0,0,0,5,0,15,22,3
18/8/2019 19:30,6,3,2,7,0,28,0,4,0,8,61,0,4,0,17,9,8,0,0,0,4,0,20,22,4
18/8/2019 20:00,6,4,4,6,0,30,0,3,0,14,64,0,4,0,17,9,11,0,0,0,4,0,15,15,2
18/8/2019 20:30,8,1,0,5,0,28,0,3,0,8,63,0,6,0,18,5,14,0,0,0,4,0,15,25,4
18/8/2019 21:00,3,3,0,6,0,25,0,1,0,8,69,0,4,0,12,5,4,0,0,0,5,1,12,20,2
18/8/2019 21:30,3,0,0,8,0,25,0,4,5,10,71,0,2,0,20,6,6,0,0,19,4,0,13,17,2
18/8/2019 22:00,6,0,0,8,0,21,0,34,6,7,67,0,0,0,14,4,9,0,0,3,4,0,18,16,2
18/8/2019 22:30,7,0,1,8,0,19,0,2,7,4,69,0,1,0,16,5,3,0,0,0,3,0,13,13,2
18/8/2019 23:00,6,0,0,7,0,19,0,2,4,10,66,0,2,0,18,3,6,0,0,0,4,0,13,17,2
18/8/2019 23:30,6,0,2,5,0,16,0,2,3,3,61,0,4,0,19,3,3,0,0,0,4,0,14,16,2
19/8/2019 0:00,7,0,0,6,0,18,0,2,6,12,67,0,1,0,15,4,4,0,0,0,4,0,10,19,2
19/8/2019 0:30,6,0,0,7,0,16,0,2,3,6,63,0,4,0,17,3,5,0,0,0,4,0,14,19,2
19/8/2019 1:00,6,0,0,6,0,18,0,2,6,11,65,0,0,0,16,4,4,0,0,0,5,0,18,21,2
19/8/2019 1:30,7,0,0,8,0,15,0,4,6,16,70,0,0,0,20,3,4,0,0,0,6,0,15,16,2
19/8/2019 2:00,7,0,0,6,0,18,0,4,4,2,63,0,3,0,17,2,4,0,0,0,5,0,13,17,2
19/8/2019 2:30,7,0,1,6,0,19,0,4,4,9,67,0,2,0,15,4,5,0,0,0,4,0,10,16,2
19/8/2019 3:00,7,0,0,8,0,21,0,3,7,5,62,0,0,0,19,5,4,0,0,0,4,0,15,14,2
19/8/2019 3:30,10,0,0,8,2,19,0,2,3,16,67,0,4,0,28,8,7,0,0,0,4,0,10,22,4
19/8/2019 4:00,10,0,0,3,0,20,0,1,3,4,71,0,4,0,58,6,8,0,0,0,7,0,15,20,2
19/8/2019 4:30,99,2,12,6,0,21,0,2,7,16,87,0,1,0,52,9,18,0,0,0,7,0,26,30,2
19/8/2019 5:00,99,13,30,5,0,25,0,3,15,15,82,0,3,0,76,18,26,0,0,0,8,0,20,55,3
19/8/2019 5:30,95,21,25,10,0,31,0,4,20,22,80,0,3,0,71,20,18,0,0,0,5,2,19,37,2
19/8/2019 6:00,102,33,24,6,2,24,0,11,24,16,91,0,5,0,96,29,29,0,0,0,6,4,17,42,5
19/8/2019 6:30,91,25,25,11,2,29,0,17,28,13,97,0,10,0,76,50,43,0,0,16,6,7,20,48,4
19/8/2019 7:00,77,24,23,11,0,44,0,29,5,6,82,0,28,0,98,52,32,0,0,7,4,16,13,37,2
19/8/2019 7:30,54,27,22,31,0,32,0,13,15,21,98,0,29,0,101,67,33,0,0,0,10,19,25,39,4
19/8/2019 8:00,35,34,18,6,0,44,0,6,14,17,101,0,50,0,69,69,48,0,0,2,12,14,13,38,19
19/8/2019 8:30,46,32,23,2,2,23,0,7,41,13,130,0,21,0,64,72,44,0,0,0,12,2,34,41,6
19/8/2019 9:00,40,48,18,10,0,26,0,4,86,16,122,0,25,0,50,70,59,0,0,1,7,13,24,43,5
19/8/2019 9:30,69,54,20,6,0,27,0,7,86,14,112,0,10,0,39,68,82,0,0,2,4,6,30,56,7
19/8/2019 10:00,54,42,25,8,3,26,0,6,80,20,118,0,13,0,53,63,79,0,0,0,5,7,22,55,10
19/8/2019 10:30,50,44,25,25,2,30,0,8,28,17,121,0,50,0,52,45,71,0,0,7,6,4,30,36,3
19/8/2019 11:00,52,48,22,14,5,43,0,8,52,16,137,0,12,0,64,72,52,0,0,2,6,7,21,49,10
19/8/2019 11:30,64,30,17,6,1,30,0,14,19,23,131,0,68,0,69,56,78,0,0,2,7,28,22,38,12
19/8/2019 12:00,69,16,17,10,40,27,0,9,27,13,111,0,59,0,66,50,62,0,0,3,7,74,30,51,22
19/8/2019 12:30,91,26,15,5,9,26,0,12,45,17,143,0,8,0,93,62,47,0,0,9,5,129,27,49,10
19/8/2019 13:00,96,50,18,10,9,32,0,17,61,30,155,0,2,0,103,70,69,0,0,0,5,91,20,44,8
19/8/2019 13:30,137,70,12,15,9,33,0,15,7,28,110,0,34,0,86,54,90,0,0,7,4,27,25,47,6
19/8/2019 14:00,132,43,8,13,4,27,0,7,33,25,103,0,32,0,36,67,54,0,0,0,5,3,25,57,3
19/8/2019 14:30,120,43,2,25,12,24,0,10,19,33,111,0,12,0,26,50,97,0,0,0,4,2,25,47,11
19/8/2019 15:00,11,31,3,11,10,25,0,9,21,29,96,0,0,0,14,63,68,0,0,0,5,3,40,43,3
19/8/2019 15:30,12,12,8,12,8,38,0,9,6,16,78,0,10,0,7,65,75,0,0,1,8,4,27,40,11
19/8/2019 16:00,7,14,3,9,8,29,0,27,20,18,68,0,0,0,11,59,62,0,0,2,4,2,20,36,10
19/8/2019 16:30,6,12,0,4,4,31,0,24,4,15,78,0,5,0,7,40,46,0,0,26,4,0,32,39,7
19/8/2019 17:00,39,16,0,5,11,32,0,50,2,23,73,0,4,0,9,37,75,0,0,12,3,0,31,37,9
19/8/2019 17:30,3,8,0,12,0,36,0,19,7,15,69,0,1,0,11,28,56,0,0,1,3,0,18,33,9
19/8/2019 18:00,5,6,0,4,3,30,0,9,2,14,83,0,4,0,7,40,21,0,0,0,5,0,15,34,5
19/8/2019 18:30,3,5,2,10,4,24,0,5,4,20,55,0,4,0,8,34,20,0,0,0,5,1,16,16,2
19/8/2019 19:00,1,4,2,4,0,29,0,10,6,10,53,0,0,0,22,21,24,0,0,0,5,0,17,25,0
19/8/2019 19:30,2,5,3,1,1,28,0,5,5,15,47,0,0,0,6,29,13,0,0,0,5,0,14,21,2
19/8/2019 20:00,4,4,0,0,0,65,0,6,7,12,47,0,0,0,4,16,10,0,0,0,8,0,14,20,2
19/8/2019 20:30,3,4,3,3,0,20,0,5,6,13,41,0,0,0,4,17,7,0,0,0,5,0,18,20,2
19/8/2019 21:00,2,4,2,1,0,21,0,4,1,15,57,0,4,0,5,18,1,0,0,0,4,0,13,21,2
19/8/2019 21:30,4,4,0,1,0,17,0,4,4,15,33,0,2,0,8,11,2,0,0,0,4,0,12,18,2
19/8/2019 22:00,3,7,0,1,0,18,0,4,5,15,45,0,0,0,2,19,1,0,0,0,4,0,10,15,2
19/8/2019 22:30,2,3,2,1,0,16,0,2,0,9,46,0,4,0,3,17,1,0,0,0,4,0,9,24,2
19/8/2019 23:00,4,4,3,2,0,15,0,4,3,7,45,0,4,0,6,14,0,0,0,0,4,0,13,17,2
19/8/2019 23:30,3,4,2,1,0,18,0,4,6,13,47,0,0,0,4,12,1,0,0,0,4,0,14,18,2
